Authors,Title,Year,Link,Type,Conference Name,Country,Institution_STD,RQ1: What is the purpose?,Main Purpose,RQ2 :What methods are used?,RQ2: Categorization,RQ2:CATEGORIZATION2,Near OOD vs Far OOD?,compare with other OOD methods?,Models/Backbones,"ID",COVARIATE SHIFT,SEMANTIC SHIFT,RQ7: Metrics,RQ8: Applications,RQ9: Open-source implementations,Link to github,Are the Datasets open-source?,Link to dataset
"Borah, Jutika and Singh, Hidam Kumarjit and Sarmah, Kumaresh",A Deep Ensemble Approach for Lung Disease Classification in Chest X-Ray Across Data Distribution Shifts and Unseen Data Generalization,2024,https://doi.org/10.1007/s42979-024-03164-x,Article,SN Comput. Sci.,India,Gauhati University,Deep ensemble method (StackGen) for lung disease classification using probability estimates and meta-learning,New method,"Unseen classes are handled using StackGen along with a binary classifier that distinguishes between Normal and Diseased cases. StackGen is a stacked deep ensemble framework where multiple diverse pretrained CNNs (such as ResNet, DenseNet, EfficientNet, Xception, and others) are independently trained on different internal chest X-ray datasets. A Multilayer Perceptron (MLP) is then trained as a meta-model to combine the predictions of the best-performing CNNs for final decision-making.","Ensemble, unknown class handling",TRAINING,Near,no,"ResNet-50, ResNet-101, ResNet-152, ResNet-152V2, DenseNet-121, DenseNet-169, DenseNet-201, Xception, Inception-ResNetV2, EfficientNet-B0, EfficientNetV2-S, NASNet-Mobile","Shenzhen Tuberculosis Chest X-ray, Montgomery Tuberculosis Chest X-ray, Pneumonia Chest X-ray",Chest X-ray Tuberculosis Dataset (India),"COVID-19 Radiography Database, CheXpert","ID ACC, Sensitivity, Specificity, F1-SCORE, AUC, AUPR, TPR, FPR, Precision",Medical Image,No,-,Yes,https://aimi.stanford.edu/chexpert-chest-x-rays   https://www.kaggle.com/datasets/tawsifurrahman/covid19radiography-database      https://www.kaggle.com/datasets/raddar/chest-xrays-tuber culosis-from-india   https://www.kaggle.com/datasets/raddar/tuber culosis-chest-xrays-shenzhen  https://www.kaggle.com/datasets/raddar/tuber culosis-chest-xrays-montgomery   https://www.kaggle.com/datasets/paultimoth ymooney/chest-xray-pneumonia  
"C Chen, L Tang, L Tao, HY Zhou",activate and reject: towards safe domain generalization under category shift,2023,,Conference paper,ICCV,"China, USA",The University of Hong Kong; Xiamen University; University of Wisconsin–Madison; The Chinese University of Hong Kong,omain Generalization under Category Shift,New method,ART: unkown aware training : Unknown activation loss (LUA): Encourages the model to assign non-zero probability to an “unknown” class and Smoothed cross-entropy. Tes-time unkown rejection: improve predictions on unseen domains without training. Use KNN + prototype matching in feature space,"unknown class handling, Prototype, Domain generalization",HYBRID METHODS,far,no,"ResNet-18, ConvNet, Faster R-CNN, ResNet-50, DeepLab-v2, ResNet-101","PACS, Office-Home, Office-31, Digits, Pascal VOC, GTA5","PACS, Office-Home, Office-31, Digits, Pascal VOC, GTA5","PACS, Office-Home, Office-31, Digits, Pascal VOC, GTA5","H-Score, unknown accuracy, known class accuracy, Accuracy, iou","General, Object Detection",No,-,Yes,-
"K. Peng, D. Wen, K. Yang, A. Luo et al.",Advancing Open-Set Domain Generalization Using Evidential Bi-Level Hardest Domain Scheduler,2024,,Conference paper,NeurIPS,"Germany, China, Japan, Sweden",Karlsruhe Institute of Technology; Hunan University; Waseda University; KTH Royal Institute of Technology; RISE Research Institutes of Sweden; Mercedes-Benz Tech Innovation; University of Stuttgart,algorithm for meta-learning in OSDG,New method,"Learns an adaptive domain scheduler
Dynamically selects the “hardest domain” during training, uses  an evidential learning framework (for confidence estimation)
a follower network (to estimate domain reliability), bi-level optimization (scheduler and main model trained jointly)","Uncertainty and Bayesian evidential methods, Domain generalization",TRAINING,both,no,"ResNet-18,ResNet-50,ConvNet, ResNet-152, ViT","PACS, Digits-DG, Office-Home","PACS, Digits-DG, Office-Home","PACS, Digits-DG, Office-Home","H-Score, Open Set Classification Rate, known class accuracy",General,Yes,https://github.com/KPeng9510/EBiL-HaDS,Yes,-
"Pagliardini, M.; Jaggi, M.; Fleuret, F.; Karimireddy, S.P.",AGREE TO DISAGREE: DIVERSITY THROUGH DISAGREEMENT FOR BETTER TRANSFERABILITY,2023,https://www.scopus.com/inward/record.uri?eid=2-s2.0-85174796096&partnerID=40&md5=6081b4e232c6031c3e63a32c7145cf8f,Conference paper,ICLR,Switzerland,EPFL,Ensemble of models agreement on the training data and disagreement on the OOD data,New method,"D-BAT trains multiple models sequentially: each fits the source data but is forced to disagree on unlabelled OOD samples. This ensures each model relies on different predictive features, producing an ensemble that generalizes better to distribution shifts.","Ensemble, Domain generalization",TRAINING,both,no,LeNet,"Colored MNIST, Waterbirds, Camelyon17, Office-Home","Synthetic Perturbations, Waterbirds, Camelyon17, Office-Home","Dominoes (M/F, M/C), Waterbirds, Camelyon17, Office-Home","OOD ACC, ID ACC",General,Yes,https://github.com/mpagli/Agree-to-Disagree ,Yes,https://github.com/mpagli/Agree-to-Disagree 
"Bai, H.; Zhang, J.; Nowak, R.",AHA: Human-Assisted Out-of-Distribution Generalization and Detection,2024,https://www.scopus.com/inward/record.uri?eid=2-s2.0-105000467241&partnerID=40&md5=a8f905ce61b6fb3c75530f0496ca92b8,Conference paper,NeurIPS,USA,University of Wisconsin–Madison,OOD generalization and detection through a human-assisted framework by labeling data in the wild.,New method,"AHA: first uses half labeling budget to run a noisy binary search over OOD scores, repeatedly sampling points and asking humans whether they are known or unknown, until it finds the score where semantic OOD and non-semantic data are equally likely. It then spends the remaining budget labeling points tightly around this threshold (the maximum disambiguation region). These labels naturally contain many semantic OOD (helping detection) and many covariate OOD with class labels (helping generalization). Finally, it retrains the classifier with covariate OOD labels and retrains the OOD detector with semantic OOD labels using a joint loss.","Human in the loop, unknown class handling, Domain generalization",HYBRID METHODS,far,yes,WideResNet-40-2,CIFAR-10,CIFAR-10-C,"SVHN, Textures, Places365, LSUN (Crop), LSUN (Resize), PACS","ID ACC, OOD ACC, AUROC, FPR95",General,Yes,https://github.com/HaoyueBaiZJU/aha,Yes,-
"Cao, T.; Zhu, J.; Pang, G.",Anomaly Detection under Distribution Shift,2023,https://www.scopus.com/inward/record.uri?eid=2-s2.0-85175136862&doi=10.1109%2FICCV51070.2023.00599&partnerID=40&md5=f449e0f15427f3b897b83b3b131f8384,Conference paper,ICCV,Singapore,Singapore Management University,Anomaly detection under distribution shift (they refer distribution shift as covariate shift),Method extension/modification,"Generalized Normality LearningGNL introduces a loss function that maintains the characteristics of normal data, enabling the model to learn representations that remain consistent despite distribution changes. By leveraging features at multiple levels, the model captures broad semantic patterns within the training data. Additionally, it improves anomaly detection performance through a test-time augmentation strategy based on matching feature distributions, which strengthens the model’s generalization ability","Domain generalization, ""Reconstruction, generative, diffusion""",HYBRID METHODS,far,no,GNL + RD4AD (AugMix + EFDM inference),"MVTec, CIFAR-10, MNIST","Brightness, Contrast, Defocus Blur, Gaussian Noise","MNIST-M, PACS",AUROC,"Industrial Defect inspection, General",Yes,https://github.com/mala-lab/ADShift.,Yes,https://github.com/mala-lab/ADShift.
Ji-Hun OhKianoush FalahkheirkhahRohit Bhargava,Are We Ready for Out-of-Distribution Detection in Digital Pathology?,2024,https://link.springer.com/chapter/10.1007/978-3-031-72117-5_8,Conference paper,MICCAI,USA,University of Illinois Urbana-Champaign,Detect OOD and misclassified covariate shift ID samples,Evaluation study,"Train classifiers and use OOD detectors to do a binary classification of  semantic shift and ID and correclty predicted covariate shift and misclassified. msp, mAHALANOBIS DISTANCE, MLS (Max Logit Score),Energy Score (in R+E),GEN (Generalized Entropy),KLM (KL-Matching), GradNorm (GrN), KNN (k-Nearest Neighbor), ViM (Virtual Logit Matching)","Post hoc detection scoring, Analysis/benchmark",POSTHOC INFERENCE,both,yes,"ResNet-50, ViT-B/16, ConvNeXt, Transformer",BreakHis,"Digitization, Blur, Color Distortion, Artifacts",NCT-CRC,"AUROC, ID-C ACC, ID ACC, PPR",Medical Image,Yes,https://github.com/jihunoh2/OODD4DP,Yes, https://web.inf.ufpr.br/vri/databases/breast-cancer-histopathological-database-breakhis/ https://zenodo.org/records/1214456 
"Z. Gao, S. Yan, X. He",ATTA: Anomaly-aware test-time adaptation for OOD detection,2023,,Conference paper,NeurIPS,China,ShanghaiTech University,novel dual-level test-time adaptation strategy for dense OOD segmentation.,New method,"Selective Batch Normalization: detect whether the input image has domain shift and adapt normalization accordingly. Compare test image feature statistics vs training BN stats
Compute distance using KL divergence: test BN stats and train them. Anomaly-aware Self-Training:Estimate OOD probability per pixel, Build a unified prediction. Pseudo-label selection cross-entropy on them, Only final classifier layers (and small parts) are updated. test-time adaptation framework that first detects and corrects domain shift using selective batch normalization, then improves pixel-wise OOD detection via GMM-calibrated anomaly estimation and selective entropy-based self-training.","Test-time adaptation and filtering, Uncertainty and Bayesian evidential methods",TTA,both,yes,"DeepLabV3+, WideResNet-38",RoadAnomaly,Fishyscapes,"FS Static-C, SMIYC","AUROC, Average Precision, FPR95",Autonomous Driving,Yes,https://github.com/gaozhitong/ATTA.,Yes,-
G. Carannante; N. C. Bouaynaya,Bayesian Deep Learning Detection of Anomalies and Failure: Application To Medical Images,2023,https://ieeexplore.ieee.org/stamp/stamp.jsp?arnumber=10285922,Conference paper,MLSP,USA,Rowan University,Comparison of different methods,Evaluation study,"Compare multiple Bayesian approaches:
BCNN, MC Dropout, Ensembles, VDP variants",Uncertainty and Bayesian evidential methods,POSTHOC INFERENCE,both,no,"exVDP, ENS-VDP, unsVDP, Ensemble","PathMNIST, Hippocampus",Noise Transformations,"Camelyon17, Malaria, CIFAR-10","TPR, Predictive Variance, Misclassification Rate, Dice",Medical Image,No,-,Yes,-
"Rezaei, M.; Näppi, J.J.; Bischl, B.; Yoshida, H.",Bayesian uncertainty estimation for detection of long-tailed and unseen conditions in medical images,2023,"https://www.scopus.com/inward/record.uri?eid=2-s2.0-85176137790&doi=10.1117%2F1.JMI.10,5.054501&partnerID=40&md5=727786f1ff62427be5633298b215a08f",Article,Journal of Medical Imaging,"Germany, USA",LMU Munich; Munich Center for Machine Learning; Harvard Medical School,a deep Bayesian ensemble GAN with dynamic MC dropout,New method,"Bayesian ensemble GAN framework for medical image analysis that combines uncertainty estimation with adversarial learning, dynamic MC dropout mechanism to approximate Bayesian uncertainty by sampling multiple network configurations and computing predictive variance. This is integrated into a GAN architecture with one generator and multiple discriminators, where the generator learns from aggregated feedback (e.g., sum/average/max) across discriminators to improve robustness and segmentation quality.","Uncertainty and Bayesian evidential methods, ""Reconstruction, generative, diffusion"", Ensemble",TRAINING,Near,yes,Bayesian Ensemble GAN,"LITS, Glaucoma Detection","CHAOS Dataset, Crop, Horizontal Flip, Color Jitter",REFUGE 2020,"F1-SCORE, Precision, ECE, Negative Log-likelihood",Medical Image,No,-,Yes," https://www.kaggle.com/datasets/andrewmvd/liver-tumor-segmentation , https://www.kaggle.com/datasets/andrewmvd/liver-tumor-segmentation-part-2 , https://chaos.grand-challenge.org/ , https://www.kaggle.com/datasets/teamincribo/glaucoma-detection-dataset  , https://refuge.grand-challenge.org/Home2020/ "
Cosmin I. BerceaEsther Puyol-AntónBenedikt WiestlerDaniel RueckertJulia A. SchnabelAndrew P. King,Bias in Unsupervised Anomaly Detection in Brain MRI,2023,https://link.springer.com/chapter/10.1007/978-3-031-45249-9_12,Conference paper,"CLIP, EPIMI, FAIMI","Germany, UK",Technical University of Munich; King’s College London,bias in unsupervised anomaly detection (UAD) for brain MRI,Application/ Case Study,current UAD methods may not truly detect pathology but instead respond to dataset-specific artifacts,"Analysis/benchmark, Post hoc detection scoring",POSTHOC INFERENCE,Near,no,Variational Autoencoder,ADNI,ADNI,ADNI,"AUROC, AUPR, MAE",Medical Image,No,-,No,-
"Wang, H.; Li, Y.",Bridging OOD Detection and Generalization: A Graph-Theoretic View,2024,https://www.scopus.com/inward/record.uri?eid=2-s2.0-105000477082&partnerID=40&md5=01f8d8690640b1e0a87b7ca8e271a1d6,Conference paper,NeurIPS,USA,University of Wisconsin–Madison; University of Illinois Urbana-Champaign,Graph theoretic framework for OOD generalization and detection,New method,"They construct a graph over augmented labeled and unlabeled data, learn its spectral structure via contrastive learning, and show that this representation simultaneously enables OOD generalization (through invariance) and OOD detection (through separability).",Contrastive and representation learning,TRAINING,far,yes,WideResNet-40-2,CIFAR-10,CIFAR-10-C,"SVHN, LSUN, Places365, Textures","OOD ACC, ID ACC, AUROC, FPR",General,Yes,https://github.com/deeplearning-wisc/graph-spectral-ood ,Yes,-
"J. Thagaard, S. Hauberg, et al.",Can you trust predictive uncertainty under real dataset shifts in DP?,2020,,Conference paper,NeurIPS,USA,Google Research; DeepMind,Compares existing uncertainity methods,Evaluation study,Evaluates existing predictive uncertainty methods,"Uncertainty and Bayesian evidential methods, Analysis/benchmark",POSTHOC INFERENCE,both,no,"ResNet-20, ResNet-50, LeNet","MNIST, CIFAR-10, ImageNet","Rotation, Translation","NotMNIST, SVHN","Negative Log-likelihood, Brier prior, ECE, Confidence-Rejection, Entropy",General,No,-,Yes,-
"Zhu, R. & Li, S.",CROSSMATCH: CROSS-CLASSIFIER CONSISTENCY REGULARIZATION FOR OPEN-SET SINGLE DOMAIN GENERALIZATION,2022,,Conference paper,ICLR,USA,University of Georgia,new training strategy,Method extension/modification,"Generates auxiliary “unknown-like” samples, adversarial augmentation with entropy based separation and consistency regularization between classifier helping sdg methods","Data augmentation and synthetic-shift methods, unknown class handling",TRAINING,both,no,"ConvNet, ResNet-18","Digits-DG, Office-31, Office-Home, PACS","Digits-DG, Office-31, Office-Home, PACS","Digits-DG, Office-31, Office-Home, PACS","Accuracy, H-Score, known class accuracy, unknown accuracy",General,No,-,Yes,-
"J. Tack, S. Mo, J. Jeong, and J. Shin",CSI: Novelty detection via contrastive learning,2020,,Conference paper,NeurIPS,Korea,KAIST,extends contrastive learning for OOD detection,Method extension/modification,"teaches a model that “real data should be close to itself under normal augmentations, but far from its strongly transformed (shifted) versions,” which makes OOD samples easier to detect.",Contrastive and representation learning,TRAINING,far,no,ResNet-18,"CIFAR-10, ImageNet-30","Rotation, Cutout, Sobel Filter, Gaussian Noise, Gaussian Blur, Permutation","SVHN, LSUN (Resize), ImageNet, CIFAR-100, CIFAR-10 (Interpolated), CUB-200, Dogs, Pets, Flowers, Food-101, Places365, Caltech-256, DTD","AUROC, ID ACC, ECE",General,Yes,https://github.com/alinlab/CSI,Yes,-
"Sinha, S.; Bharadhwaj, H.; Goyal, A.; Larochelle, H.; Garg, A.; Shkurti, F.",DIBS: Diversity Inducing Information Bottleneck in Model Ensembles,2021,https://www.scopus.com/inward/record.uri?eid=2-s2.0-85130096782&doi=10.1609%2Faaai.v35i11.17163&partnerID=40&md5=9cc58d0ffccf720641d7bc0e9b890aaa,Conference paper,AAAI,Canada,University of Toronto; University of Montreal; Google Brain,new way to build neural network ensembles that improves both accuracy and uncertainty estimation by explicitly forcing ensemble members to be different in a structured way.,New architecture,"shared encoder with multiple stochastic decoder heads and adds two key ideas: an information bottleneck constraint that forces each model to only keep task-relevant information from the input (improving generalization), and an adversarial diversity loss that pushes different ensemble heads to represent different “modes” of the data distribution so they do not collapse into similar predictions",Ensemble,TRAINING,far,no,"CNN, VGG, ResNet","CIFAR-10, CIFAR-100, TinyImageNet, MIT Places365, SVHN","Translation, Rotation, Interpolation, Color Transformations",ImageNet,"AUPR, AUROC, ID ACC",General,No,-,Yes,-
"Sastry, C.S.; Dumpala, S.H.; Oore, S.",DiffAug: A Diffuse-and-Denoise Augmentation for Training Robust Classifiers,2024,https://www.scopus.com/inward/record.uri?eid=2-s2.0-105000489593&partnerID=40&md5=f97f05180c0f870cfeb6d6f4ba10fd50,Conference paper,NeurIPS,Canada,Dalhousie University,data augmentation strategy,New method,"data augmentation strategy where each training image is first perturbed via a single forward diffusion step (adding noise) and then restored using a single reverse diffusion (one-step denoising) from a pretrained diffusion model. The resulting “partially denoised” images are used as additional training samples, encouraging the classifier to learn from both clean and imperfect data. It increases accuracy on detection OOD for MSP, ASH, REACT, SCALE",Data augmentation and synthetic-shift methods,TRAINING,both,no,"ResNet-50, ViT",ImageNet-1K,"ImageNet-C, ImageNet-R, ImageNet-S, ImageNet-Sketch, ImageNet-A, ImageNet-D","ImageNet-C, ImageNet-R, ImageNet-S, ImageNet-Sketch, ImageNet-A, ImageNet-D","AUROC, FPR@TPR95, Precision, Recall, Coverage, DENSITY, FID (Fréchet Inception Distance), IS (Inception Score)",General,Yes,https://github.com/oore-lab/diffaug,Yes,-
Hongjun Wang · Sagar Vaze · Kai Han,Dissecting Out-of-Distribution Detection and Open-Set Recognition: A Critical Analysis of Methods and Benchmarks,,,Article,iNTERNATIONAL jOURNAL OF cOMPUTER vISION,"China, UK",The University of Hong Kong; University of Oxford,"studies existing methods, benchmarks, and metrics for OOD detection and open-set recognition.",Evaluation study,"cross-evaluate a wide range of existing methods (including training strategies like Outlier Exposure and ARPL, and scoring rules like MSP, Energy, and MLS) across both tasks and find that performance trends are strongly correlated between OOD and OSR settings","Analysis/benchmark, Post hoc detection scoring, Energy Based",POSTHOC INFERENCE,far,yes,"ResNet-18, ResNet-50",CIFAR-10,"CIFAR-100, CIFAR+10, CIFAR+50, TinyImageNet","SVHN, Textures, LSUN (Crop/Resize), iSUN, Places365",AUROC,General,Yes,https://github.com/VisualAI/Dissect-OOD-OSR,Yes,-
"Vahidi, Amihossein and Wimmer, Lisa and Guenduez, Huseyin Anil and Bischl, Bernd and Hullermeier, Eyke and Rezaei, Mina",Diversified Ensemble of Independent Sub-networks for Robust Self-supervised Representation Learning,2024,https://link.springer.com/chapter/10.1007/978-3-031-70341-6_3,Conference paper,ECML PKDD,Germany,Institute of Statistics; Institute of Informatics,self-supervised learning framework,New method,"single backbone and attaches multiple lightweight projection sub-networks whose outputs are combined. compute self-supervised objectives  ) using the mean embedding across sub-networks, while explicitly encouraging diversity among them via a novel variance-based diversity regularization loss that prevents collapse and enforces disagreement.","Ensemble, Contrastive and representation learning",TRAINING,far,no,"SimCLR, DINO, SCD, Self-GenomeNet, SSL Ensemble, BatchEnsemble","CIFAR-10, CIFAR-100, SVHN, ImageNet","CIFAR-10, CIFAR-100, SVHN, ImageNet","CIFAR-10, CIFAR-100, SVHN, ImageNet","AUROC, Top@1 ACC, Negative Log-likelihood, ECE, Thresholded adaptive calibration error (TACE)",General,No,-,Yes,-
"Roy, Abhijit Guha and Ren, Jie and Azizi, Shekoofeh and Loh, Aaron and Natarajan, Vivek and Mustafa, Basil and Pawlowski, Nick and Freyberg, Jan and Liu, Yuan and Beaver, Zach and Nam Vo and Bui, Peggy and Winter, Samantha and MacWilliams, Patricia and Corrado, Greg S. and Telang, Umesh and Liu, Yun and Cemgil, Taylan and Karthikesalingam, Alan and Lakshminarayanan, Balaji and Winkens, Jim",Does your dermatology classifier know what it doesn't know? Detecting the long-tail of unseen conditions,2022,,Article,MEDICAL IMAGE ANALYSIS,USA,Google Health; Google Research; Brain Team; DeepMind,new loss,New method,"Hierarchical Outlier Detection (HOD) loss that improves a classifier’s ability to recognize when a skin condition is “unknown” or not represented in training data. assigns multiple fine-grained abstention classes and combines this with a coarse inlier-vs-outlier objective, improving robustness to the “long tail” of rare dermatological diseases. ","Uncertainty and Bayesian evidential methods, unknown class handling",TRAINING,both,yes,ResNet-101,Custom Dermatology Dataset,Custom Dermatology Dataset,Custom Dermatology Dataset,"AUROC, AUPR IN, FPR@TPR95, Top@1 ACC",Medical Image,No,-,No,-
P. Jiao; N. Zhao; J. Chen; Y. -G. Jiang,Domain Expansion and Boundary Growth for Open-Set Single-Source Domain Generalization,2025,https://ieeexplore.ieee.org/stamp/stamp.jsp?arnumber=10855521,Article,IEEE Transactions on Multimedia,"China, Singapore",Fudan University; University of Technology and Design,open-set single-source domain generalization (OS-SDG),New method,"domain expansion, it augments source data using background suppression (removing irrelevant context) and global style augmentation, then uses knowledge distillation to enforce consistency and learn domain-invariant representations. For boundary growth, it strengthens open-set recognition by training multi-binary classifiers with edge maps as an additional modality, which helps push class boundaries apart and better separate known from unknown classes.","Data augmentation and synthetic-shift methods, unknown class handling, Domain generalization",TRAINING,Near,no,ResNet-18,"PACS, Office-31, Office-Home, DomainNet","PACS, Office-31, Office-Home, DomainNet","PACS, Office-31, Office-Home, DomainNet","H-Score, known class accuracy, unknown accuracy, Accuracy",General,No,-,Yes,-
"Zhou, J.; Zhou, Z.; Zhang, P.",DynaOOD-Net: Dynamic Progressive Feature Fusion and Energy Balancing for Robust Out-of-Distribution Detection,2025,https://www.scopus.com/inward/record.uri?eid=2-s2.0-105001845083&doi=10.1109%2FACCESS.2025.3552796&partnerID=40&md5=d0f5689e67cdd88e301a4e27be43faa5,Article,IEEE Access,China,Shanghai University,Dynamic Progressive Feature Pyramid Network (DP-FPN),New architecture,"enhances multi-scale feature fusion through dynamic, multi-branch convolution and progressive refinement, improving representation of complex and small objects.proposes a Balanced Energy Constraint Loss (BECL) that uses energy-based modeling to better separate in-distribution and out-of-distribution samples while addressing class imbalance by dynamically reweighting category constraints.",Energy Based,TRAINING,Near,yes,ResNet-50,"Pascal VOC (Train, Pretest, Test)","COCO-Mixed, COCO-ID","COCO-OOD, COCO-OOD-OD, OpenImages-OOD, Objects365-OOD","mAP ID, Unknown Precision, Unknown Recall, Unknown F1, Absolute Open-Set Error, Wilderness Impact, OOD ACC",Object Detection,No,-,Yes,-
"Y. Wang, B. Li, et al.",Energy-based open-world uncertainty modeling for confidence calibration,2021,,Conference paper,ICCV,"Singapore, Canada",Microsoft Research Asia; MILA; Nanyang Technological University,Modifies architecture and adds energy based softmax,New method,"New classifier head architecture with k classes +1,  with an energy-based objective that jointly optimizes standard classification loss for in-distribution data and an additional term that encourages the extra dimension to capture whether an input deviates from the training distribution ","Energy Based, unknown class handling",TRAINING,far,no,"MLP, VGG-11, ResNet-50",CIFAR-100,CIFAR-100-C,"CIFAR-10, SVHN","ECE, Negative Log-likelihood, Accuracy",General,No,-,Yes,-
"Farag, M.; Emam, A.; Leonhardt, J.; Roscher, R.",Enhancing decision support in crop production: Analyzing conformal prediction for uncertainty quantification,2025,https://www.scopus.com/inward/record.uri?eid=2-s2.0-105007465365&doi=10.1016%2Fj.compag.2025.110559&partnerID=40&md5=b907237d217f6668769ada587bd8d41d,Article,Computers and Electronics in Agriculture,Germany,University of Bonn; Forschungszentrum Jülich GmbH,Using Conformal Prediction for Uncertainity Quantification,Application/ Case Study,"A trained model outputs probabilities, A separate dataset (calibration set) is used to measure how wrong the model usually is.
For each calibration sample we compute a non-conformity score. Using all calibration scores and the chosen error level α, we compute a quantile threshold 
This threshold defines how much uncertainty we allow. or a new test image: Compute the score for each possible class. Include a class in the prediction set if its score ≤ threshold. They test softmax, bayesian, deep ensembles and ICP for OOD detection","Uncertainty and Bayesian evidential methods, Post hoc detection scoring",POSTHOC INFERENCE,Near,no,"ResNet-18, ViT-B/16",DND-SB,DND-SB (Crop Variations),GrowliFlower,"AUROC, Confidence-Rejection, Coverage",Agriculture,Yes,https://github.com/MohamedFarag21/PhD_codes/tree/main/Conformal_prediction_in_agriculture,Yes,"https://github.com/jh-yi/DND-SB, https://rs.ipb.uni-bonn.de/data/growliflower/index.html "
"Pan, D.; Sheng, B.; Li, X.",Enhancing Out-of-Distribution Detection Under Covariate Shifts: A Full-Spectrum Contrastive Denoising Framework,2025,https://www.scopus.com/inward/record.uri?eid=2-s2.0-105004796965&doi=10.3390%2Felectronics14091881&partnerID=40&md5=e0f7380f745a9c6c3ac2cf11b1303471,Article,Electronics (Switzerland),China,Shanghai University,New method for OOD detection under covariate shifts.,New method,Uses a dual-level pertubation augmentation module to simulate covariate shifts and feature contrastive denoising module to differentiate ID from OOD.,"Contrastive and representation learning, Data augmentation and synthetic-shift methods",TRAINING,both,yes,"LeNet-5, ResNet-18",Digits Objects COVID,Digits Objects COVID,Digits Objects COVID,"AUPR, AUROC, FPR95, ID ACC","Object Detection, General, Medical Image",No,-,Yes,
H. Wang; C. Zhao; F. Chen,Feature-Space Semantic Invariance: Enhanced OOD Detection for Open-Set Domain Generalization,2024,https://ieeexplore.ieee.org/stamp/stamp.jsp?arnumber=10825325,Conference paper,IEEE International Conference on Big Data,USA,University of Texas at Dallas; Baylor University,New unified framework for open set domain generalization,Method extension/modification,"Feature-space Semantic Invariance(FSI): Regularizes a feature extractor to be domain-invariant in feature space, modifying domain generalization methods for open set. OOD detectors as plug-in detectors and mixup to generate synthetic OOD and generative model to simulate domain shift","Data augmentation and synthetic-shift methods, Domain generalization",TRAINING,both,no,feature extractor,Colored MNIST,Colored MNIST,Synthetic OOD,"AUROC, AUPR, ID ACC",General,No,-,Yes,-
Liang H.; Cao S.; Lai Y.; Zheng J.,Federated Open-Set Domain Generalization with Adaptive Adjustment Boundary and Weights,2025,,Conference paper,ICME,China,Sun Yat-Sen University,Federated Open-Set Domain Generalization (FedOSDG),Method extension/modification,AABAW improves federated open-set domain generalization by sharpening class boundaries for unknown detection (SCB) and redesigning federated aggregation to preserve model diversity for better domain generalization (AAW).,"Federated learning, unknown class handling, Domain generalization",TRAINING,Near,no,"ResNet-50, ResNet-18","PACS, Office-Home, DomainNet-126","PACS, Office-Home, DomainNet-126","PACS, Office-Home, DomainNet-126","Accuracy, H-Score, unknown accuracy",Federated Learning,No,,Yes,
"Bai, H.; Canal, G.; Du, X.; Kwon, J.; Nowak, R.; Li, Y.",Feed Two Birds with One Scone: Exploiting Wild Data for Both Out-of-Distribution Generalization and Detection,2023,https://www.scopus.com/inward/record.uri?eid=2-s2.0-85174407848&partnerID=40&md5=b740b0287664cc4905b4d3fbc0872401,Conference paper,International Conference on Machine Learning,USA,University of Wisconsin–Madison,New method,New method,SCONE: Energy-based OOD detector and trained with unlabeled data with covariate and semantic shift (PWild)  similar Outlier Exposure,Energy Based,TRAINING,far,yes,WideResNet-40-2,"CIFAR-10, ImageNet-100","CIFAR-10-C, ImageNet-100-C, PACS","SVHN, Textures, Places365, LSUN (Crop/Resize)","FPR95, AUROC, OOD ACC, ID ACC",General ,Yes,https://github.com/ deeplearning-wisc/scone ,Yes,-
Teresa AraújoGuilherme ArestaUrsula Schmidt-ErfurthHrvoje Bogunović,Few-shot out-of-distribution detection for automated screening in retinal OCT images using deep learning,2023,https://link.springer.com/article/10.1038/s41598-023-43018-9,Article,SCientific Reports,Austria,Medical University of Vienna,few-shot OOD detection methods to enhance clinical applicability without degrading AMD classification performance,Evaluation study,"They preprocess data and apply augmentations. Fine tune an EfficientNetV2 on inlier classes, use few shot outlier exposure where few near ood images are shown. They evaluate : oftmax maximum probability (MP)
Entropy (H), Dirichlet-based evidential uncertainty, MC Dropout (test-time dropout for uncertainty), Model ensembles, Test-time augmentation, ODIN, Few-shot Outlier Exposure","Uncertainty and Bayesian evidential methods, Post hoc detection scoring",POSTHOC INFERENCE,both,yes,EfficientNetV2-B0,OCT Multi-Center Dataset,OCT Multi-Center Dataset,OCT Multi-Center Dataset,"Maximum Probability, Entropy, Dirichlet Uncertainity, Mahalanobis Distance, Cosine Distance, Mean of class variances, Mean of class Entropies, Reject Bucket class probability",Medical Image,No,-,No,-
"Liao, X.; Liu, W.; Zhou, P.; Yu, F.; Xu, J.; Wang, J.; Wang, W.; Chen, C.; Zheng, X.",FOOGD: Federated Collaboration for Both Out-of-distribution Generalization and Detection,2024,https://www.scopus.com/inward/record.uri?eid=2-s2.0-105000503636&partnerID=40&md5=5366a4d0b2a83632a291623edf075952,Conference paper,NeurIPS,"China, Singapore",Zhejiang University; OPPO Research Institute; National University of Singapore,a method that estimates the probability density of each client  and obtains reliable global distribution as guidance for the FL process.,Method extension/modification,"A federated learning framework for open-world/OOD-aware learning that introduces score-based density modeling (SM3D) and Stein-based feature generalization (SAG), extending standard FL with distribution modeling rather than architecture changes.","Federated learning, Domain generalization",TRAINING,far,no,"WideResNet, ResNet-18","CIFAR-10, CIFAR-100, TinyImageNet","CIFAR-10-C, CIFAR-100-C, TinyImageNet-C","SVHN, Textures, iSUN, LSUN (Crop/Resize), PACS","AUROC, FPR95, ID ACC, ID-C ACC",Federated Learning,Yes,https://github.com/XeniaLLL/FOOGD-main.git,Yes,-
F. Cappio Borlino; L. Lu; T. Tommasi,Foundation Models and Fine-Tuning: A Benchmark for Out of Distribution Detection,2024,https://ieeexplore.ieee.org/stamp/stamp.jsp?arnumber=10547247,Article,IEEE Access,Italy,Politecnico di Torino; Istituto Italiano di Tecnologia,Framework for foundation models to OOD detection,Evaluation study,"ReSEND, Knn_norm, Mahalonobis distance, MCM, FINE-TUNED: KNN_NORM, MSP, ReACT, ASH, Flow","Post hoc detection scoring, Analysis/benchmark",POSTHOC INFERENCE,both,no,"CLIP, ResNet-101, BiT, ViT-B, ViT-L","Textures, PatternNet, SUN, StanfordCars",DomainNet,"DomainNet, Textures, PatternNet, SUN, StanfordCars","AUROC, FPR95, ID ACC",General,Yes,https://github.com/FrancescoCappio/OODDetectionBench,Yes,-
"Yang, J.; Zhou, K.; Liu, Z.",Full-Spectrum Out-of-Distribution Detection,2023,https://www.scopus.com/inward/record.uri?eid=2-s2.0-85163080052&doi=10.1007%2Fs11263-023-01811-z&partnerID=40&md5=20e7fb7a369e69d21b9a8c1b24950c28,Article,International Journal of Computer Vision,Singapore,Nanyang Technological University,New score function and three new benchmarks,New method,"SEM: feature-based semantics score function. SEM builds a score that isolates semantic information by explicitly removing non-semantic (style) factors. Two feature sources
High-level features (deep layers):
Encode object identity + some nuisance factors
Low-level feature statistics (shallow layers):
Means and variances of early CNN activations. Apply negative data augmentation (e.g., Mixup)","Contrastive and representation learning, Post hoc detection scoring",HYBRID METHODS,both,yes,"LeNet-5, ResNet-18",Digits Objects COVID,Digits Objects COVID,Digits Objects COVID,"FPR95, AUROC, AUPR","Object Detection, General, Medical Image",Yes,https://github.com/Jingkang50/OpenOOD,Yes,https://github.com/Jingkang50/OpenOOD
"Rudner, Tim G. J. and Kapoor, Sanyam and Qiu, Shikai and Wilson, Andrew Gordon",Function-Space Regularization in Neural Networks: A Probabilistic Perspective,2023,,Conference paper,International Conference on Machine Learning,USA,New York University,improve neural network generalization and out-of-distribution (OOD) detection,New method,"FS-EB (Function-Space Empirical Bayes) empirical prior over parameters that encodes desired behaviors of the predictive function, such as high-entropy predictions for inputs far from training data. Training proceeds in two steps: first, an auxiliary inference constructs the empirical prior by encouraging functions to match a stochastic prior over context points; second, the main inference performs MAP or variational training using this prior, resulting in an objective that simultaneously penalizes large parameter norms and function deviations from the prior.",Uncertainty and Bayesian evidential methods,TRAINING,far,no,"ResNet-50, ResNet-18",CIFAR-10,"CIFAR-10-C, CIFAR-100","Fashion-MNIST, KMNIST, SVHN","ECE, Negative Log-likelihood, area under the selective prediction accuracy, Accuracy",General,Yes,https://github.com/timrudner/ function-space-empirical-bayes.,Yes,-
"Alesiani, F.; Yu, S.; Yu, X.",Gated Information Bottleneck for Generalization in Sequential Environments,2021,https://www.scopus.com/inward/record.uri?eid=2-s2.0-85125190243&doi=10.1109%2FICDM51629.20210010&partnerID=40&md5=12817d569f66e24136a74a5a49aeef0b,Conference paper,ICDM,"Germany, Norway, USA, China",NEC Laboratories Europe; UiT Arctic University of Norway; Xi’an Jiaotong University; University of Florida,Masking over latent features,New architecture,Uses gated information bottleneck to keep useful infor and remove irrlevant spurious information. Gated feature selection trainable. Uses softmax for scoring OOD,Domain generalization,TRAINING,far,no,MLP,"Colored MNIST, CIFAR-10",Colored MNIST,"Fashion-MNIST, SVHN, MNIST, KMNIST, EMNIST","AUROC, AUPR, FPR@TPR95, Detection Accuracy",General,Yes,https://github.com/falesiani/GIB,Yes,-
Samual MacDonaldHelena FoleyMelvyn YapRebecca L. JohnstonKaiah StevenLambros T. KoufariotisSowmya SharmaScott WoodVenkateswar AddalaJohn V. PearsonFred RoostaNicola WaddellOlga KondrashovaMaciej Trzaskowski,Generalising uncertainty improves accuracy and safety of deep learning analytics applied to oncology,2023,https://link.springer.com/article/10.1038/s41598-023-31126-5,Article,Scientific Reports,Australia,Max Kelsen,Compares existing bayesian uncertainity methods,Evaluation study,Compares existing bayesian uncertainity methods,"Uncertainty and Bayesian evidential methods, Analysis/benchmark",POSTHOC INFERENCE,both,no,ResNet,Internal Custom Dataset,"Internal Dataset, TCGA, MET500","Internal Dataset, TCGA, MET500","ADP, F1-AUC, ECE",Medical Image,No,-,No,-
"Wang, X., et al.",Generalizable decision boundaries: Dualistic meta-learning for open set domain generalization,2023,,Conference paper,ICCV,"China, Bangladesh",Nanjing University; Southeast University,Proposes MEDIC (Dualistic Meta-Learning with joint Domain–Class matching),New method,"extends domain generalization models with new training strategy with metalearning and a multibinary onevsall classifier desing for rejecting unknowns, ","Domain generalization, unknown class handling",TRAINING,Near,no,"ResNet-18, ResNet-50, ConvNet","PACS, Office-Home, Digits-DG","PACS, Office-Home, Digits-DG","PACS, Office-Home, Digits-DG","Open Set Classification Rate, H-Score, known class accuracy",General,Yes,https://github.com/zzwdx/MEDIC,Yes,-
"Gao, Z.; Li, B.; Salzmann, M.; He, X.",Generalize or Detect? Towards Robust Semantic Segmentation Under Multiple Distribution Shifts,2024,https://www.scopus.com/inward/record.uri?eid=2-s2.0-105000511780&partnerID=40&md5=b8dce69ce4a1017204c4d325ad639062,Conference paper,NeurIPS,China,ShanghaiTech University; EPFL; Shanghai Engineering Research Center of Intelligent Vision and Imaging,new training method for semantic segmentation under multiple distribution shifts,New method,"generative data augmentation, learn uncertainity function, two stage strategy with noise aware filtering and contrastive loss for separating shifts","Uncertainty and Bayesian evidential methods, Data augmentation and synthetic-shift methods, Contrastive and representation learning",HYBRID METHODS,far,yes,"DeepLabV3+, Mask2Former",Cityscapes,"Road Anomaly, SMIYC, ACDC-POC, MUAD","Road Anomaly, SMIYC, ACDC-POC, MUAD","AUROC, FPR@TPR95, Precision, ID ACC, iou",Autonomous Driving,Yes,https://github.com/gaozhitong/MultiShiftSeg,Yes,-
M. K. Yucel; R. G. Cinbis; P. Duygulu,HybridAugment++: Unified Frequency Spectra Perturbations for Model Robustness,2023,https://ieeexplore.ieee.org/stamp/stamp.jsp?arnumber=10377944,Conference paper,ICCV,Turkiye,Hacettepe University,Improve CNN robustness under distribution shifts introducing frequency-spectrum-based data augmentation method ,Method extension/modification,"HybridAugment swaps high-frequency and low-frequency components between images forcing the network to rely on low frequency information. HybridAugment++ extends HA by transforming phase and amplitude components, allowing models to focus on low frequency  and phase information",Data augmentation and synthetic-shift methods,TRAINING,far,no,"ResNeXt, All Convolutional Network, DenseNet, WideResNet, ResNet-18, ResNet-50","CIFAR-10, CIFAR-100, ImageNet","CIFAR-10-C, CIFAR-100-C, ImageNet-C","SVHN, LSUN, CIFAR-100, ImageNet","ID ACC, AUROC, Corruption Error (CE)",General,Yes,https://github.com/MKYucel/ hybrid_augment ,Yes,-
"Zhang, Z., et al.",Industrial anomaly detection with domain shift: A real-world dataset and masked multi-scale reconstruction,2023,,Article,Computers in Industry,China,Xi’an Jiaotong University,"new dataset with non aligned object, multiscale views and strong domain shifts",Dataset / benchmark introduction,"an image is split into patches, a large portion is masked, and a Vision Transformer (ViT) processes only visible patches. A feature pyramid network reconstructs multi-scale feature representations of the masked regions, while a frozen pretrained CNN (teacher) provides reference multi-scale features. The model is trained to match reconstructed features to teacher features using a cosine-similarity loss across scales. At test time, anomalies are detected by comparing inconsistencies between the two feature streams; large mismatches indicate abnormal regions.","""Reconstruction, generative, diffusion""",TRAINING,Near,no,WideResNet-50,AeBAD-S,AeBAD-S,AeBAD-S,"AUROC, aREA UNDER THE pER-rEGION oVERLAP",Industrial Defect inspection,Yes,https://github.com/zhangzilongc/MMR,Yes,https://drive.google.com/file/d/14wkZAFFeudlg0NMFLsiGwS0E593b-lNo/view?usp=share_link
"Zhu, L.; Yang, Y.; Nie, Z.; Gao, Y.; Li, J.; Gu, Q.; Wang, X.; Zhou, C.; Ye, N.",InfoBound: A Provable Information-Bounds Inspired Framework for Both OoD Generalization and OoD Detection,2025,https://www.scopus.com/inward/record.uri?eid=2-s2.0-105012636227&doi=10.1109%2FTPAMI.2025.3595676&partnerID=40&md5=49d0d39df49af60d728c6d703cc4d47e,Article,IEEE Transactions on Pattern Analysis and Machine Intelligence,China,Shanghai Jiao Tong University; Beijing Jiaotong University; Shanghai Artificial Intelligence Laboratory, Mutual Information Minimization (MI-Min) and Conditional Entropy Maximizing (CE-Max) for OOD generalization and detection,New method,"energy-based pseudo labels on unlabeled wild data and jointly trains with representation alignment (MI-Min) and energy regularization (CE-Max), enabling a single model to become robust to covariate shifts while better detecting semantic OOD",Energy Based,TRAINING,far,yes,"WideResNet-40-2, ResNet-34, CLIP, Deformable DETR, ResNet-50","CIFAR-10, BDD100K","CIFAR-10-C, BDD100K","SVHN, Textures, LSUN (Crop), MS COCO, OpenImages","ID ACC, OOD ACC, FPR95, AUROC, mAP ID, mAP OOD","General, Object Detection",No,-,Yes,-
"Klaiber Aboitiz, F.J.; Legenstein, R.; Ozdenizci, O.",Interaction of Generalization and Out-of-Distribution Detection Capabilities in Deep Neural Networks,2023,https://www.scopus.com/inward/record.uri?eid=2-s2.0-85174639903&doi=10.1007%2F978-3-031-44204-9_21&partnerID=40&md5=378726ddfd980d58ed4bf8ee10100a07,Conference paper,Artificial Neural Networks and Machine Learning,Austria,Graz University of Technology; Silicon Austria Labs,Exploration on OOD generalization and detection based on training data.,Evaluation study,"Maximum softmax probability, ODIN , energy score function, outlier exposure","Post hoc detection scoring, Analysis/benchmark",POSTHOC INFERENCE,both,yes,ResNet-18,"MNIST, BW-MNIST, C-MNIST, DC-MNIST, WL-MNIST, WL-MNIST (Flip), PT-MNIST, PT-MNIST (Flip), SVHN","BW-MNIST, C-MNIST, DC-MNIST, WL-MNIST, WL-MNIST (Flip), PT-MNIST, PT-MNIST (Flip)","CIFAR-10 Silhouettes, Omniglot (all variants)","ID ACC, AUROC, FPR95",General,No,-,Yes,-
"P. Bele, V. Bundele, et al.",Learning class and domain augmentations for single-source open-DG,2024,,Conference paper,ICCV,"India, Germany",Indian Institute of Technology Bombay; Goethe University Frankfurt,"Correctly classify domain shift, generate unnknown classes",New method,"Generate new domains using the styles of two images. Feature aggregation Block takes two different classes, combines them and then the result as unknown. ","unknown class handling, Data augmentation and synthetic-shift methods",TRAINING,both,no,"ResNet-18, LeNet","Office-Home, Office-31, PACS, Digits","Office-Home, Office-31, PACS, Digits","Office-Home, Office-31, PACS, Digits","H-Score, Accuracy",General,No,-,Yes,-
"Yellapragada, S.; Thopalli, K.; Narayanaswamy, V.; Sakla, W.; Liu, Y.; Mubarka, Y.; Samaras, D.; Thiagarajan, J.J.",Leveraging Registers in Vision Transformers for Robust Adaptation,2025,https://www.scopus.com/inward/record.uri?eid=2-s2.0-105003873011&doi=10.1109%2FICASSP49660.2025.10889287&partnerID=40&md5=05771a4b8bbf0e99f3e13c4eb9c480be,Conference paper,ICASSP,USA,Stony Brook University; Lawrence Livermore National Laboratory,Change how yoken embedding are combined for robustness,Method extension/modification,extends existing Vision Transformer (ViT) models by leveraging register tokens as additional features for downstream tasks.,Domain generalization,TRAINING,far,no,DINOv2 ViT,ImageNet-1K,"ImageNet-A, ImageNet-R, ImageNet-S","DTD, SVHN, Places365, LSUN, iSUN","FPR@TPR95, AUROC, Top@1 ACC",General,No,-,Yes,-
"Wang, H.; Zhao, C.; Chen, F.",MADOD: Generalizing OOD Detection to Unseen Domains via G-Invariance Meta-Learning,2024,https://www.scopus.com/inward/record.uri?eid=2-s2.0-85218045616&doi=10.1109%2FBigData62323.2024.10825441&partnerID=40&md5=52d608b3a5b35ca7d62109fd3886ee3e,Conference paper,IEEE International Conference on Big Data,USA,Baylor University; University of Texas at Dallas,NEW METHOD META-LEARNING + DOMAIN GENERALIZATION + OOD DETECTION,New method,"Madod: constructs many training tasks where some in-distribution (ID) classes are randomly treated as pseudo-OOD, allowing the model to simulate OOD scenarios without needing real OOD data. Within each task, it uses a bi-level meta-learning process: an inner loop learns task-specific decision boundaries, while an outer loop improves generalization across tasks. To ensure robustness across domains, MADOD enforces G-invariance, encouraging features to remain stable under domain transformations, and applies an energy-based regularization to separate ID and OOD samples. After training, the model can directly generalize to new, unseen domains, without any test-time adaptation.","Energy Based, Domain generalization",TRAINING,Near,yes,ResNet-50,"Colored MNIST, PACS, VLCS, TerraIncognita","Colored MNIST, PACS, VLCS, TerraIncognita","Colored MNIST, PACS, VLCS, TerraIncognita","AUPR, AUROC, ID ACC",General,Yes,https://github.com/haoliangwang86/MADOD,Yes,https://huggingface.co/datasets/BGLab/TerraIncognita
"Chen, Y.; Wu, Y.; Wang, T.; Zhang, S.; Zhu, D.; Liu, C.",Mitigating covariance overfitting in out-of-distribution detection through intrinsic parameter learning,2025,https://www.scopus.com/inward/record.uri?eid=2-s2.0-105000304616&doi=10.1016%2Fj.knosys.2025.113318&partnerID=40&md5=c661c979ccd73cd8c87f914a4c0ff59f,Article,Knowledge-Based Systems,"China, USA, Canada",Fujian Normal University; Quanzhou Normal University; Xi’an Jiaotong-Liverpool University; University of British Columbia; University of Maryland,New method that mitigates covariance effect during training,New method,"Intrinsic Parameter Learning which separates model parameters into intrinsic and extrensic to address OOD detection under covariance shift from the parameter perspective. They present A new criterion for identifying these parameters (based on weights + gradients), different update rules for each group and a constrained optimization strategy to control logits",Domain generalization,TRAINING,far,yes,"ResNet-18, CLIP ViT-B/16","CIFAR-10, CIFAR-100, ImageNet-200","CIFAR-10-C, CIFAR-100-C, ImageNet-C, ImageNet-R, ImageNet-V2","MNIST, SVHN, Textures, Places365, NICO, iNaturalist, OpenImages","AUROC, FPR95",General,Yes, https://github.com/qzsy765/IPL ,Yes,-
D. S. W. Williams; D. D. Martini; M. Gadd; P. Newman,Mitigating Distributional Shift in Semantic Segmentation via Uncertainty Estimation From Unlabeled Data,2024,https://ieeexplore.ieee.org/stamp/stamp.jsp?arnumber=10530426,Article,IEEE TRANSACTIONS ON ROBOTICS,UK,University of Oxford,novel semi-supervised method for uncertainty estimation + OOD detection in semantic segmentation,New method,semi-supervised segmentation method that learns pixel-wise uncertainty and OOD detection from unlabelled target-domain data using consistency across augmentations. It uses a prototype-based feature space with a learned threshold (γ) to separate certain (in-distribution) pixels from uncertain (distribution-shifted or OOD) ones in a single forward pass.,Uncertainty and Bayesian evidential methods,TRAINING,both,no,"DeepLabV3+, ResNet-18",Cityscapes,"SAX, Berkeley DeepDrive10K, KITTI","BDD10K, KITTI","AUROC, AUPR, F1-SCORE, Misclassification Detection ACC, ""p(a,c) = (AmD and F0,5) """,Autonomous Driving,No,-,Yes,-
"Oza, Poojan and Nguyen, Hien V. and Patel, Vishal M.",Multiple Class Novelty Detection Under Data Distribution Shift,2020,https://doi.org/10.1007/978-3-030-58571-6_26,Conference paper,16th european conference on COMPUTER VISION,USA,Johns Hopkins University; University of Houston,Method that unifies novelty detection and Domain adaptation,New method,"Softmax, ALOCC, GRL. Combines gradient reversal training to reduce domain gap between source and target, then novelty detection with ALOCC. ",Domain generalization,TRAINING,both,no,ALOCC,"SVHN, MNIST, USPS, Office-31","SVHN, MNIST, USPS, Office-31","SVHN, MNIST, USPS, Office-31",AUC,General,No,-,Yes,-
"Liu, Y.; Tian, C.X.; Li, H.; Ma, L.; Wang, S.",NEURON ACTIVATION COVERAGE: RETHINKING OUT-OF-DISTRIBUTION DETECTION AND GENERALIZATION,2024,https://www.scopus.com/inward/record.uri?eid=2-s2.0-85192602137&partnerID=40&md5=5d4b01c84d9c160921334570e2cb7d2b,Conference paper,ICLR,"China, Japan",University of Hong Kong; University of Tokyo,New mesure for neuron activation,New method,NAC-UE: directly averages coverage scores over all neurons as data uncertainty. NAC-ME:measures model robustness by integrating the coverage distribution of all neurons.,Uncertainty and Bayesian evidential methods,POSTHOC INFERENCE,both,no,"ResNet-50, ViT-B/16, ResNet-18","CIFAR-10, CIFAR-100, ImageNet","PACS, VLCS, Office-Home, TerraIncognita","iNaturalist, Textures, OpenImages","FPR95, AUROC, Spearman Ranck Correlation, OOD ACC",General,Yes,https://github.com/BierOne/ood coverage ,Yes,-
"Li, Y., et al.",On the robustness of open-world test-time training: Self-training with dynamic prototype expansion,2023,,Conference paper,ICCV,China,South China University of Technology,open-world test-time training,New method,"detects and prunes strong OOD samples using a hyperparameter-free scoring method based on similarity to class prototypes, and then dynamically expands the prototype set to model strong OOD clusters separately. They further improve robustness by adding distribution alignment regularization between source and target features.","Test-time adaptation and filtering, Prototype",TTA,both,no,ResNet-50,"CIFAR-10, CIFAR-100, ImageNet","CIFAR-10-C, CIFAR-100-C, ImageNet-C, VisDA-C, ImageNet-R","MNIST, SVHN, TinyImageNet","ID ACC, OOD ACC, H-Score",General,Yes,https://github.com/Yushu-Li/OWTTT,Yes,-
"Yang Shu, Zhangjie Cao, Chenyu Wang, et al.",open domain generalization with domain-augmented meta-learning,2022,,Conference paper,CVPR,China,Tsinghua University,Open Domain Generalization,New architecture,"Domain-Augmented Meta-Learning (DAML), a meta-learning framework designed to improve cross-domain generalization under these mismatched label conditions. DAML introduces two key innovations: Dirichlet Mixup (Dir-mixup), which mixes features across multiple source domains using a Dirichlet distribution to create more diverse training samples, and distilled soft-labeling, which transfers knowledge between domains using predictions from other domain-specific models","Data augmentation and synthetic-shift methods, Domain generalization",TRAINING,far,no,DAML,"PACS, Office-Home, Office-31, STL-10, VisDA-2017","PACS, Office-Home, Office-31, STL-10, VisDA-2017","PACS, Office-Home, Office-31, STL-10, VisDA-2017","H-Score, Accuracy",General,No,-,Yes,-
"Yang, Zhen and Yue, Jun and Ghamisi, Pedram and Zhang, Shiliang and Ma, Jiayi and Fang, Leyuan",Open Set Recognition in Real World,2024,,Article,,"China, Germany",Hunan University; Central South University; Helmholtz Institute Freiberg for Resource Technology,CIOSR (Causal Inference-inspired Open-Set Recognition),New architecture,"new learning objectives (CCI loss + SCU loss + sample weighting + joint decision rule). specific network design (CIOSR pipeline) that includes:feature extractor + sample weighting module
CCI module (inter-class decorrelation)
SCU module (intra-class compactness)
RFF transformation layers
causal-score + classifier joint decision at inference",Domain generalization,HYBRID METHODS,far,no,"ResNet-18, ResNet-50, ResNet-34","NICO, VLCS, PACS","NICO, VLCS, PACS","NICO, VLCS, PACS","AUROC, F1-SCORE, known class accuracy",General,Yes,https://github.com/yangzhen1252/RWOSR1,Yes,-
"Katsumata, K., et al.",OPEN-SET DOMAIN GENERALIZATION VIA METRIC LEARNING,2021,,Conference paper,ICIP,Japan,The University of Tokyo; Woven Planet Holdings,combines domain generalization and open-set recognition,New method,"metric-learning framework with a novel “decoupling loss”, which explicitly spreads representations of unknown-class samples in feature space so they are more separable from known classes. The method combines this decoupling loss with standard triplet loss and integrates it into a domain generalization objective, enabling both cross-domain invariance and open-set discrimination","Prototype, unknown class handling",TRAINING,far,no,ResNet-50,"VLCS, DomainNet","VLCS, DomainNet","VLCS, DomainNet",Accuracy,General,No,,Yes,
"Shao, J.-J.; Yang, X.-W.; Guo, L.-Z.",Open-set learning under covariate shift,2024,https://www.scopus.com/inward/record.uri?eid=2-s2.0-85140850374&doi=10.1007%2Fs10994-022-06237-1&partnerID=40&md5=22f3a69e34ed6f16a951c42abf8830ee,Article,Machine Learning- Springer Nature,China,Nanjing University,SC–OSG (Supervised Contrastive Learning for Open-Set Learning under covariate shift),New method,"synthetic data generation strategy called EnvMix, which decomposes images into semantic and environmental components (using feature attribution like Grad-CAM) and recombines them to simulate diverse environments. The model is trained using supervised contrastive loss plus an open-set detection objective, and uses a confidence-based scoring mechanism at inference to reject unknown classes.","Contrastive and representation learning, Data augmentation and synthetic-shift methods",TRAINING,both,no,ResNet-18,"ImageCLEF-DA, NICO, WILDS-FMoW","ImageCLEF-DA, NICO, WILDS-FMoW","ImageCLEF-DA, NICO, WILDS-FMoW","AUROC, ID ACC, Open Set Classification Rate",General,No,-,Yes,-
M. Gutbrod; D. Rauber; D. W. Nunes; C. Palm,OpenMIBOOD: Open Medical Imaging Benchmarks for Out-Of-Distribution Detection,2025,https://ieeexplore.ieee.org/stamp/stamp.jsp?arnumber=11094279,Conference paper,CVPR,Germany,Regensburg Medical Image Computing,extensive empirical evaluation of existing methods,Evaluation study,"evaluate 24 existing post-hoc OOD detection methods across different benchmarks and find that performance patterns from natural image benchmarks (e.g., ImageNet-based OOD studies) do not transfer well to medical imaging.","Analysis/benchmark, Post hoc detection scoring",POSTHOC INFERENCE,both,yes,CNN ,"PhaKIR Challenge, OASIS-3","PhaKIR Challenge, OASIS-3","Cholec80, EndoVis 2015, EndoVis 2018, Kvasir-Seg, CATARACTS, ATLAS, BraTS, Medical Segmentation Decathlon (Heart), CHAOS","AUROC, AUPR IN, AUPR OUT, FPR95",Medical Image,Yes,https: //github.com/remic-othr/OpenMIBOOD,Yes,-
"J. Zhang, J. Yang, P. Wang, et al.",OpenOOD v1.5: Enhanced benchmark for out-of-distribution detection,2024,,Article,Journal of Data-centric Machine Learning Research,"USA, Singapore, Australia, Switzerland",Duke University; Nanyang Technological University; The Australian National University; EPFL; University of Wisconsin–Madison,large-scale benchmarking study for out-of-distribution (OOD) detection that aims to standardize and improve evaluation consistency across the field,Evaluation study,"40 OOD detection methods across post-hoc, training-based, and data augmentation approaches, and evaluates them under both standard OOD detection and a more challenging full-spectrum setting that includes both semantic and covariate shifts.","Analysis/benchmark, Data augmentation and synthetic-shift methods, Post hoc detection scoring",POSTHOC INFERENCE,both,yes,"ResNet-50, ViT-B, Swin-T","CIFAR-10, CIFAR-100, ImageNet-200, ImageNet-1K","ImageNet-C, ImageNet-R, ImageNet-V2","CIFAR-10, CIFAR-100, TinyImageNet, SSB-Hard, NINCO, iNaturalist, Textures, Places365, OpenImages, MNIST, SVHN","AUROC, AUPR, FPR95",General,Yes,https://github.com/Jingkang50/OpenOOD/  ,Yes,-
"Marvasti, A.E.; Marvasti, E.E.; Bagci, U.","Out of Distribution Detection, Generalization, and Robustness Triangle with Maximum Probability Theorem",2022,https://www.scopus.com/inward/record.uri?eid=2-s2.0-85146421176&doi=10.1109%2FICECCME55909.2022.9988128&partnerID=40&md5=a1b98d584541a51aec286077106682b2,Conference paper,ICECCME,USA,Currus AI; Northwestern University,"Maximum Probability Theorem (MPT) as a black-box regularization framework to improve generalization, robustness, and OOD detection",Method extension/modification,"MPT regularization stabilizes training and prevents overconfident predictions, making models resilient to input perturbations like noise. It detects semantic shift (OOD data) by modeling the joint input-label distribution as an energy-based model and using the Max Energy Score, which assigns lower scores to unfamiliar inputs.","Energy Based, Post hoc detection scoring",HYBRID METHODS,far,yes,12-layer CNN (CReLU activation),CIFAR-10,"CIFAR-100, MNIST","MNIST, KMNIST, SVHN, STL-10, Fashion-MNIST","AUC, AUROC",General,No,-,Yes,-
"Gwon, K.; Yoo, J.",Out-of-Distribution (OOD) Detection and Generalization Improved by Augmenting Adversarial Mixup Samples,2023,https://www.scopus.com/inward/record.uri?eid=2-s2.0-85151747114&doi=10.3390%2Felectronics12061421&partnerID=40&md5=36c63e3d60f5b65ca8562209cef28fdb,Article,Electronics (Switzerland),Korea,TWiM Co; Daegu University,adversarial mixup (AM) training method which simply executes OOD data augmentation to synthesize differently distributed data and designs a new AM loss function to learn how to handle OOD data.,Method extension/modification,"combining data mixup with adversarial training, generating new samples that expand the training distribution and enhance robustness. During inference, a Mahalanobis distance-based detector is used instead of softmax to reduce overconfidence and accurately separate ID from OOD samples. The training loss mixes cross-entropy on original and AM samples, weighted by a random factor","Data augmentation and synthetic-shift methods, Post hoc detection scoring",POSTHOC INFERENCE,far,no,"ResNet-18, VGG-16","CIFAR-10, SVHN, ImageNet (Crop), ImageNet (Resize), LSUN (Crop), LSUN (Resize), ObjectNet, iSUN","CIFAR-10-C, ImageNet-C, ImageNet-P, ImageNet-A, ImageNet-V2, YouTube-BB-Robust, ImageNet-Vid-Robust","CIFAR-10, CIFAR-10-C, ImageNet-C, SVHN, ImageNet-P, ImageNet (Crop/Resize), ImageNet-A, ImageNet-V2, LSUN (Crop/Resize), ObjectNet, ImageNet-Vid-Robust, iSUN, YouTube-BB-Robust","AUROC, FPR(Semantic Examples)@TPR(ID)95, AUPR IN, AUPR OUT",General,No,-,Yes,-
"Pocevičiūtė, M.; Ding, Y.; Bromée, R.; Eilertsen, G.",Out-of-distribution detection in digital pathology: Do foundation models bring the end to reconstruction-based approaches?,2025,https://www.scopus.com/inward/record.uri?eid=2-s2.0-85208597980&doi=10.1016%2Fj.compbiomed.2024.109327&partnerID=40&md5=beb276308821b0d72289597325cdd4e8,Article,Computers in Biology and Medicine,Sweden,Linköping University,Adaptation of latent diffusion model for OOD detection,Method extension/modification,"AnoLDM: latent-space diffusion-based reconstruction method for OOD detection, where the key idea is that ID-trained denoising fails to perfectly reconstruct OOD features, giving a measurable discrepancy that serves as the OOD score","""Reconstruction, generative, diffusion""",TRAINING,both,no,"Latent Diffusion Model (VQ-VAE autoencoder), VGG",Camelyon17,AIDA BRLN Dataset,"Colon Dataset (Rijnstate Hospital), AIDA LNCO","AUROC, FPR95",Medical Image,No,-,Yes, https://gigadb.org/dataset/100439 https://datahub.aida.scilifelab.se/10.23698/aida/lnco2 https://datahub.aida.scilifelab.se/10.23698/aida/brln   
"Bai, H.; Du, X.; Rainey, K.; Parameswaran, S.; Li, Y.",Out-of-Distribution Learning with Human Feedback,2025,https://www.scopus.com/inward/record.uri?eid=2-s2.0-105005223122&partnerID=40&md5=42f8f00983dae0f1057b229c8e5154ee,Article,Transactions on Machine Learning Research,USA,University of Wisconsin–Madison,OOD generalization (covariate shift) and OOD detection (semantic shift) by selectively labeling a small number of informative samples from unlabeled wild data using human feedback.,New method,"initial ID classifier, uses gradient deviations of unlabeled wild samples to identify those most different from ID data, selects a small set of such samples for human labeling, retrains a classifier (using labeled covariate OOD) and an OOD detector (using labeled semantic OOD).",Human in the loop,HYBRID METHODS,far,yes,WideResNet-40-2,CIFAR-10,CIFAR-10-C,"SVHN, Textures, LSUN, Places365, PACS","ID ACC, OOD ACC, FPR95, AUROC",General,No,-,Yes,-
Y. Shoeb; A. Nowzad; H. Gottschalk,Out-of-Distribution Segmentation in Autonomous Driving: Problems and State of the Art,2025,https://ieeexplore.ieee.org/stamp/stamp.jsp?arnumber=11147772,Conference paper,CVPRW,Germany,Technische Universität Berlin,"analyzes existing approaches in Out-of-Distribution (OoD) segmentation for autonomous driving, focusing on road obstacle detection.",Application/ Case Study,"ATTA is viewed in the survey as a promising but computationally heavy approach that improves OoD robustness by jointly modeling domain shift and semantic unknowns using a two-level detection + self-training strategy, but it is not yet practical for efficient real-time deployment.","Analysis/benchmark, Test-time adaptation and filtering",TTA,far,yes,Swin-L,Cityscapes,"SMIYC-OT, LostAndFound-NoKnown","SMIYC-OT, LostAndFound-NoKnown","AUROC, AUPR, Precision, Recall, FPR95, iou, F1-SCORE, PPV",Autonomous Driving,No,,Yes,.
A. Wu; C. Deng,"Percept, Memory, and Imagine: World Feature Simulating for Open-Domain Unknown Object Detection",2025,https://ieeexplore.ieee.org/stamp/stamp.jsp?arnumber=11093101,Conference paper,CVPR,China,Xidian University,model detects unkown objects in unseen environments without using extra data. ,New method,They store in a memory module multilevel features of known objects. Generates synthetic unknown features during trainiing to simulate unknown objects. The detector learns to distinguish known objects from simulated unknowns. ,"""Reconstruction, generative, diffusion"", unknown class handling, Data augmentation and synthetic-shift methods",TRAINING,far,yes,"Faster R-CNN, ResNet-50","Pascal VOC, BDD100K","MS COCO, OpenImages, VOC-COCO (20/40/61)","MS COCO, OpenImages, VOC-COCO (20/40/61)","mAP ID, mAP OOD, Wilderness Impact, Unknown Precision, Absolute Open-Set Error","Autonomous Driving, Object Detection",Yes,https://github.com/AmingWu/WFS,Yes,-
"Y. Tian, Y. Liu, et al.",Pixel-wise energy-biased abstention learning for anomaly segmentation,2022,,Conference paper,ECCV,"Australia, Singapore",University of Adelaide; Singapore Management University,new method for anomaly segmentation in driving scenes,New method,"PEBAL: extra class. for each pixel the model decides to classify to a know class or abstain, classify as anomaly. They use an energy score to distinguish the pixel. Add regularization to improve segmentation and paste anomaly objects into normal scenes to create anomaly images",Energy Based,TRAINING,far,yes,"WideResNet-38, ResNet-101","LostAndFound, Fishyscapes, RoadAnomaly","LostAndFound, Fishyscapes, RoadAnomaly","LostAndFound, Fishyscapes, RoadAnomaly","AUROC, Average Precision, FPR95",Autonomous Driving,Yes,https://github.com/tianyu0207/PEBAL.,Yes,-
"Pau de Jorge,Riccardo Volpi,Puneet K. Dokania,Philip H. S. Tor,rGrégory Rogez",Placing Objects in Context via Inpainting for Out-of-Distribution Segmentation,2025,https://link.springer.com/chapter/10.1007/978-3-031-72995-9_26,Conference paper,ECCV,"France, UK",Naver Labs Europe; University of Oxford,new method for generating datasets for OOD / anomaly segmentation,Dataset / benchmark introduction,"generate datasets where they select a valad region, insert an object using diffusion inpainting, generate labels and blend it into the scene realistically. ","Data augmentation and synthetic-shift methods, ""Reconstruction, generative, diffusion""",TRAINING,far,no,"DeepLabV3+ ResNet-101, ConvNeXt, Segmenter","Fishyscapes, Segment Me If You Can, RoadAnomaly, LostAndFound",Synthetic Data,Synthetic Data,"F1-SCORE, AUPR, FPR95",Autonomous Driving,Yes,https://github.com/naver/poc,Yes,-
"Charpentier, Bertrand and Zuegner, Daniel and Guennemann, Stephan",Posterior Network: Uncertainty Estimation without OOD Samples via Density-Based Pseudo-Counts,2020,,Conference paper,NeurIPS,Germany,Technical University of Munich,neural architecture for uncertainty estimation + OOD detection without needing OOD samples during training.,New architecture,"A density-based Dirichlet posterior neural network that estimates epistemic uncertainty without requiring OOD data, using normalizing flows in latent space to generate pseudo-counts",Uncertainty and Bayesian evidential methods,TRAINING,far,no,"3 Conv + 3 Dense, VGG-16","MNIST, CIFAR-10","Image Corruptions (15 types, 5 severity levels)","Fashion-MNIST, KMNIST, SVHN","AUPR, Aletoric Confidence Calibration , Epitemic Confidence Calibration, Brier prior, OOD Aletoric, OOD Epistemic",General,Yes,(www.daml.in.tum.de/postnet),Yes,-
Peng Z.; Wang E.; Liu X.; Cheng M.-M.,predictive sample assignment for semantically coherent out-of-distribution detection,2025,,Article,IEEE Transactions on Circuits and Systems for Video Technology,China,Nankai University,edesign the sample selection + training strategy inside SCOOD methods”,Method extension/modification,replaces clustering of SCOOD with energy score based dual-threshold ternary assignment ,Energy Based,TRAINING,far,yes,ResNet-18 ,"CIFAR-10, CIFAR-100",TinyImageNet,"Textures, SVHN, TinyImageNet, LSUN, Places365","FPR95, AUROC, AUPR IN, AUPR OUT, CCR@FPRn, ID ACC",General,Yes,https://github.com/ZhimaoPeng/PSA,Yes,-
"Tinaikar, A.; Raipuria, G.; Singhal, N.",Prototype Governed Contrastive Learning for Robust Image Classification in Histopathology,2023,https://www.scopus.com/inward/record.uri?eid=2-s2.0-85172100793&doi=10.1109%2FISBI53787.2023.10230675&partnerID=40&md5=54ec518bc253fad2a20fd0feb0a3777b,Conference paper,ISBI,India,Advanced Technology Group,Prototype-Governed Contrastive Loss (PGCL) for supervised training and OOD detection.,New method,"assigns each class a learnable or predefined prototype vector. The model then learns by Pulling each sample embedding toward its class prototype
Pushing it away from prototypes of other classes. reduces semantic overlap between classes, improving discrimination.Even if image appearance changes (color, texture, staining), as long as semantic content remains, embeddings are still pulled toward the same prototype.","Contrastive and representation learning, Prototype",TRAINING,Near,yes,"ResNet-101, EfficientNet-B0, ViT-S, Swin-S",NCT-CRC-HE-100K,"Geometric Transformations, Color Transformations, Gaussian Blur, Noise",NCT-CRC-HE-100K,"AUROC, FPR, TPR",Medical Image,No,-,Yes,https://github.com/AnonymousDL4Fun/PGCL
"Rangnekar, A.; Nadkarni, N.; Jiang, J.; Veeraraghavan, H.",Quantifying uncertainty in lung cancer segmentation with foundation models applied to mixed-domain datasets,2025,https://www.scopus.com/inward/record.uri?eid=2-s2.0-105004801141&doi=10.1117%2F12.3047709&partnerID=40&md5=7d4c823ed8aab0c8f7058bf0a43c172a,Conference paper,SPIE MEDICAL IMAGING,USA,Memorial Sloan Kettering Cancer Center,Evaluate the robustness and uncertainty of medical image foundation models for lung tumor segmentation when applied to mixed-domain datasets,Evaluation study,They train four foundation models and test datasets with covariate shifts and one with semantic shift. Using Maximum Softmax Probability perform OOD detection.,Post hoc detection scoring,POSTHOC INFERENCE,Near,no,"Swin UNETR, SimMIM, iBOT-7, SMIT (3D Swin backbone)",Hospital NSCLC Dataset (Stage II–IV),"NSCLC Dataset (Stage I–II, LRAD, 5-Rater)",RSNA Pulmonary Embolism Dataset,"AUROC, FPR95, Entropy, F1-SCORE, Volume Occupancy, Dice, Hausdorf Distance (HD95)",Medical Image,No,-,Yes,https://www.cancerimagingarchive.net/collection/nsclc-radiomics/ https://www.cancerimagingarchive.net/collection/nsclc-radiomics-interobserver1/ 
"Pinto, F.; Yang, H.; Lim, S.-N.; Torr, P.H.S.; Dokania, P.K.",RegMixup: Mixup as a Regularizer Can Surprisingly Improve Accuracy & Out-of-Distribution Robustness,2022,https://www.scopus.com/inward/record.uri?eid=2-s2.0-85148272589&partnerID=40&md5=38dcc6a2338bc5503b8bf41a87dd6846,Conference paper,NeurIPS,UK,University of Oxford; Meta AI,simple extension of Mixup,Method extension/modification,"ombines the usual Mixup (vicinal risk minimization) objective with standard cross-entropy on clean samples, effectively blending ERM and VRM during training",Data augmentation and synthetic-shift methods,TRAINING,far,no,"WideResNet-28-10, ResNet-50","CIFAR-10, CIFAR-100, ImageNet-1K","CIFAR-10-C, CIFAR-100-C, CIFAR-10.1, CIFAR-10.2, ImageNet-A, ImageNet-R, ImageNet-V2, ImageNet-Sketch","SVHN, TinyImageNet, ImageNet-O","ID ACC, ID-C ACC, AUROC",General,Yes,https://github.com/FrancescoPinto/RegMixup,Yes,-
"Loiseau, T.; Vu, T.-H.; Chen, M.; Pérez, P.; Cord, M.",Reliability in Semantic Segmentation: Can We Use Synthetic Data?,2025,https://www.scopus.com/inward/record.uri?eid=2-s2.0-85208532742&doi=10.1007%2F978-3-031-73337-6_25&partnerID=40&md5=f9628519577e224a0c2131b9059f8966,Conference paper,ECCV,France,valeo.ai; Université Gustave Eiffel; Kyutai; Sorbonne Université,using synthetic data generated via diffusion models,Method extension/modification,"fine-tune Stable Diffusion with ControlNet using only in-domain data (Cityscapes) to generate realistic synthetic scenes representing various weather and geographic shifts, as well as to inpaint OOD objects into existing images.",Data augmentation and synthetic-shift methods,TRAINING,both,no,"Semantic FPN, MobileNetV3, DeepLabV3+, PSPNet, SegFormer-B5, SETR-PUP, Segmenter",Cityscapes,"Cityscapes, Synthetic Data",SegmentMeIfYouCan,"FPR@TPR95, AUROC, AUPR",Autonomous Driving,Yes,https://github.com/valeoai/GenVal,Yes,-
"Park, Chunjong and Awadalla, Anas and Kohno, Tadayoshi and Patel, Shwetak",Reliable and Trustworthy Machine Learning for Health Using Dataset Shift Detection,2021,,Conference paper,NeurIPS,USA,University of Washington,existing out-of-distribution (OOD) detection techniques to health ML systems,Application/ Case Study,how dataset shift affects the reliability of machine learning models in healthcare and evaluates whether existing out-of-distribution (OOD) detection methods can improve trustworthiness in this settings,"Analysis/benchmark, Energy Based, Post hoc detection scoring",POSTHOC INFERENCE,far,yes,DenseNet-121,HAM10000,ISIC 2017,"CIFAR-10, CIFAR-100, Face Dataset","TNR@TPR95, AUROC, Detection Accuracy",Medical Image,No,-,Yes,https://iapr-tc4.org/face-datasets/  https://www.kaggle.com/datasets/johnchfr/isic-2017 
"Long, X.; Zhang, J.; Shan, S.; Chen, X.",Rethinking the Evaluation of Out-of-Distribution Detection: A Sorites Paradox,2024,https://www.scopus.com/inward/record.uri?eid=2-s2.0-105000490082&partnerID=40&md5=6a5780cdad7608271752fe6d9dd96c46,Conference paper,NeurIPS,China,Chinese Academy of Sciences; University of Chinese Academy of Sciences,New framework with synthetic covariate images ,Dataset / benchmark introduction,"Initilly, they create a benchmark dataset using CLIP to creat subset of data depending on different degrees of shift. MSP, ODIN, MDS, GRADNORM, KNN, DICE, RANKFeat, ASH","Analysis/benchmark, Energy Based, Post hoc detection scoring",POSTHOC INFERENCE,Near,yes,ResNet-50 ,ImageNet-1K,IS-OOD,"ImageNet-21K, Synthetic IS","AUPR, AUROC, FPR95, Pearson Correlation, Sensitivity",General,Yes,https://github.com/qqwsad5/IS-OOD ,Yes,https://github.com/qqwsad5/IS-OOD 
"Zhu, F.; Zhang, X.-Y.; Cheng, Z.; Liu, C.-L.",Revisiting Confidence Estimation: Towards Reliable Failure Prediction,2024,https://www.scopus.com/inward/record.uri?eid=2-s2.0-85179779129&doi=10.1109%2FTPAMI.2023.3342285&partnerID=40&md5=8faca0153ef06b6e8f93b4cba0cc465e,Article,IEEE Transactions on Pattern Analysis and Machine Intelligen,China,Hong Kong Institute of Science and Innovation,FMFP (Flat Minima for Failure Prediction),New method,"FMFP, which combines ideas from stochastic weight averaging (SWA) and sharpness-aware minimization (SAM) to bias training toward flatter regions, making correct predictions more stable and misclassified ones less confident",Uncertainty and Bayesian evidential methods,TRAINING,far,yes,"WideResNet, Pre-Activation ResNet-110, DenseNet, ResNet-18, ResNet-50","CIFAR-10, CIFAR-100, ImageNet-1K","CIFAR-10, CIFAR-100, ImageNet-1K","CIFAR-10, CIFAR-100, ImageNet-1K","AUROC, Area under the risk.coverage curve (aurc), normalized aurc, FPR95, aupr-success, aupr-error",General,Yes,https://github.com/Impression2805/FMFP,Yes,-
H. Kashiani; N. A. Talemi; F. Afghah,ROADS: Robust Prompt-Driven Multi-Class Anomaly Detection Under Domain Shift,2025,https://ieeexplore.ieee.org/stamp/stamp.jsp?arnumber=10944164,Conference paper,WACV,USA,Clemson University,rompt-driven framework for multi-class unified anomaly detection (MUAD) under domain shif,New architecture,"reverse distillation teacher–student setup and introduces a hierarchical class-aware prompt mechanism that injects learnable class-specific tokens into the decoder to separate semantic spaces across classes and reduce interference. roposes a domain adapter that aligns feature styles between in-distribution and OOD data using adaptive instance normalization (AdaIN) and style-consistency learning, improving robustness to distribution shifts.","""Reconstruction, generative, diffusion""",TRAINING,far,no,WideResNet-50,"MVTec-AD, VISA","MVTec-AD, VISA","MVTec-AD, VISA","AUROC, pixel-level AUROC, aREA UNDER THE pER-rEGION oVERLAP","Industrial Defect inspection, General",No,-,Yes,-
"Rashidisabet, H.; Chan, R.V.P.; Leiderman, Y.I.; Vajaranant, T.S.; Yi, D.",Robust Uncertainty-Informed Glaucoma Classification Under Data Shift,2025,https://www.scopus.com/inward/record.uri?eid=2-s2.0-105007859815&doi=10.1167%2Ftvst.14.6.3&partnerID=40&md5=097931d6f3b92dc43038d0b8bd0cef7c,Article,Translational Vision Science & Technology,USA,University of Illinois Chicago,uncertainty-informed “self-censorship” framework for glaucoma classification,Application/ Case Study,uncertainty estimation to perform OOD detection at both dataset level (deciding whether an entire dataset is too shifted to trust) and image level (withholding low-confidence predictions,Uncertainty and Bayesian evidential methods,POSTHOC INFERENCE,both,no,VGG-16,UIC Dataset,"RIM-ONE-DL, O-RIGA, REFUGE, LAG","GL-S Crop, Magrabi, IDRID, MESSIDOR2, Kaggle Medical Dataset","Maximum Probability, Dirichlet Uncertainity, Wassertein Distance, AUC, ID ACC",Medical Image,Yes,https://github.com/homairs/UQSelfCensorship.git,No,-
"Zhang, L.H.; Ranganath, R.",Robustness to Spurious Correlations Improves Semantic Out-of-Distribution Detection,2023,https://www.scopus.com/inward/record.uri?eid=2-s2.0-85167985133&doi=10.1609%2Faaai.v37i12.26785&partnerID=40&md5=122e79adac3c419b3313f18b071d5608,Conference paper,AAAI,USA,New York University,new OOD detection,New method,"nuisance-aware OOD detection, which modifies training to reduce reliance on nuisances: reweighting training data to break spurious correlations between label and nuisance, improving output-based detection, and enforcing independence between learned representations and nuisances via mutual information penalties, improving feature-based detection",Domain generalization,TRAINING,both,yes,"4-layer CNN, ResNet-18","Colored MNIST, Waterbirds, CelebA","Colored MNIST, Waterbirds, CelebA","Colored MNIST, Waterbirds, CelebA",AUROC,General,Yes,https://github.com/rajesh-lab/nuisance-awareood-detection,Yes,-
"L. Boone, et al.",ROOD-MRI: Robustness of Segmentation to OOD & Corrupted MRI Data,2022,,Article,NeuroImage,Canada,University of Toronto,evaluate the robustness of deep learning segmentation models in MRI under out-of-distribution,Evaluation study,"generates controlled synthetic distribution shifts at different severity levels and provides metrics to quantify both performance and robustness across tasks like hippocampus, ventricle, and white matter hyperintensity segmentation","Analysis/benchmark, Data augmentation and synthetic-shift methods",POSTHOC INFERENCE,Near,no,"U-Net, U-Net Transformer","ADNI, Sunnybrook, UPenn TLE Atlas, CAIN, ONDRI, PPA Study, VBH Study","Noise, Blur, Downsampling",Medical Imaging Trials Network of Canada Project C6,"Dice, Hausdorf Distance (HD95)",Medical Image,Yes,https://github. com/AICONSlab/roodmri,Yes,https://github. com/AICONSlab/roodmri
"Lee, Hyoje and Park, Yeachan and Seo, Hyun and Kang, Myungjoo",Self-knowledge distillation via dropout,2023,,Article,COMPUTER VISION AND IMAGE UNDERSTANDING,Korea,Seoul National University,regularization technique,New method,"SD-Dropout, apply dropout to the final feature representation to generate two slightly different “views” of the same network, producing two output distributions that are then forced to agree using symmetric KL-divergence (forward + reverse). By distilling knowledge between these internally sampled predictions, the model learns a more robust representation ",Uncertainty and Bayesian evidential methods,TRAINING,far,no,"ResNet-18, ResNet-152, Faster R-CNN","CIFAR-100, CUB-200-2011, Stanford Dogs, ImageNet","CIFAR-C, ImageNet-C","LSUN, iSUN, DTD, SVHN","AUROC, AUPR, detection error, FPR@TPR95, Corruption Error (CE), ECE",General,No,-,Yes,-
Francesco Cappio BorlinoSilvia BucciTatiana Tommasi,Semantic Novelty Detection via Relational Reasoning,2022,https://link.springer.com/chapter/10.1007/978-3-031-19806-9_11,Conference paper,ECCV,Italy,Politecnico di Torino,ReSeND (Semantic Novelty Detection via Relational Reasoning,New architecture,"relational reasoning-based representation that directly models semantic similarity between pairs of images. redict whether two samples belong to the same class, producing an embedding space optimized for similarity measurement rather than classification. At inference time, this learned similarity function is used in a plug-and-play way by comparing test samples against class prototypes to detect whether they belong to known or unknown categories","Contrastive and representation learning, Prototype",TRAINING,far,yes,"ResNet, Vit","Textures, DomainNet, PACS, Office-Home, Office-31, STL-10, VisDA-2017","Textures, DomainNet, PACS, Office-Home, Office-31, STL-10, VisDA-2017","Textures, DomainNet, PACS, Office-Home, Office-31, STL-10, VisDA-2017","AUROC, FPR95, H-Score, known class accuracy",General,Yes,https://github.com/FrancescoCappio/ReSeND,Yes,-
"Yang, J.; Wang, H.; Feng, L.; Yan, X.; Zheng, H.; Zhang, W.; Liu, Z.",Semantically Coherent Out-of-Distribution Detection,2021,https://www.scopus.com/inward/record.uri?eid=2-s2.0-85118433540&doi=10.1109%2FICCV48922.20210819&partnerID=40&md5=a4a0ba90cba9bfa8d29ef621e64da034,Conference paper,ICCV,"Singapore, China",Nanyang Technological University; SenseTime Research; Qing Yuan Research Institute; Shanghai Jiao Tong University; Shanghai AI Laboratory,New OOD detection benchmark  and new method OOD detection under LOW covariate shift,New method,Unsupervised Dual grouping (UDG) with unlabeled data similar Outlier Exposure,Contrastive and representation learning,TRAINING,far,yes,ResNet-18,SCOOD,SCOOD,"Texture, SVHN, TinyImageNet, LSUN, Places365","AUPR, AUROC, FPR95, CCR@FPRn",General,Yes,https://jingkang50.github.io/projects/scood,Yes,-
"A. Khoshbakht, E. Aptoula",Semantically Guided Gradient Matching for Open-Set Domain Generalization,2025,,Conference paper,SIU,Turkiye,Sabancı University,semantic encoder + weighted gradient matching framework,New architecture,"semantic encoder that learns continuous embeddings for classes and compute a similarity matrix over them. These semantic relationships are then integrated into a weighted gradient matching mechanism, which guides meta-learning updates so that semantically similar classes produce more consistent gradients and more balanced decision boundaries. Combined with a dual meta-learning setup and an open-set one-vs-all classification head, the model improves robustness to both domain shift and category shift","Domain generalization, unknown class handling",TRAINING,far,no,ResNet-50,PACS,PACS,PACS,"ID ACC, H-Score, Open Set Classification Rate",General,No,,Yes,-
Zhang L.; Li J.-F.; Wang W.,Semi-Supervised Domain Generalization with Known and Unknown Classes,2023,,Conference paper,NeurIPS,China,Nanjing University,Semi-Supervised Domain Generalization (SSDG),New method,"CWAEE, a method that jointly detects known vs. unknown classes in unlabeled data and leverages them differently to improve generalization, one-vs-rest classifiers with class-wise adaptive thresholds (estimated via temperature scaling and a beta mixture model) to separate known, seen-unknown, and ambiguous samples. Known and unknown samples are trained with different supervised-style objectives, while ambiguous samples are used for consistency regularization based on Fourier-based data augmentation (mixing amplitude spectra while preserving phase semantics","Domain generalization, unknown class handling",TRAINING,far,no,ResNet-18,"PACS, Office-Home, MiniDomainNet","PACS, Office-Home, MiniDomainNet","PACS, Office-Home, MiniDomainNet",AUROC,General,No,,Yes,-
M. Noguchi and S. Shirakawa,Simple Domain Generalization Methods are Strong Baselines for Open Domain Generalization,2023,,Conference paper,IJCNN ,Japan,Yokohama National University,evaluation study with simple method extensions,Evaluation study,re-evaluate several existing domain generalization methods,"Analysis/benchmark, Domain generalization",TRAINING,far,no,ResNet-18,"PACS, Office-Home, Office-31, VisDA-2017, STL-10, DomainNet","PACS, Office-Home, Office-31, VisDA-2017, STL-10, DomainNet","PACS, Office-Home, Office-31, VisDA-2017, STL-10, DomainNet","H-Score, known class accuracy",General,Yes,https://github.com/shiralab/OpenDG-Eval.,Yes,-
N. Dionelis; R. Jackson; S. A. Tsaftaris; M. Yaghoobi,SLX: Similarity Learning for X-Ray Screening and Robust Automated Disassembled Object Detection,2023,https://ieeexplore.ieee.org/stamp/stamp.jsp?arnumber=10190997,Conference paper,IJCNN ,UK,The University of Edinburgh,methodological extension of standard ResNet-based classification using contrastive + supervised multi-task learning,Method extension/modification,"improve robustness by combining contrastive similarity learning with standard cross-entropy classification in a multi-task objective, encouraging the model to pull together representations of similar objects while separating different classes.",Contrastive and representation learning,TRAINING,far,no,ResNet-152,XIL Dataset (Same Scanner),XIL Dataset (Different Scanner),CIFAR-10,"ID ACC, AUROC",Security X-ray,No,-,No,-
B. Bozorgtabar; G. Vray; D. Mahapatra; J. -P. Thiran,SOoD: Self-Supervised Out-of-Distribution Detection Under Domain Shift for Multi-Class Colorectal Cancer Tissue Types,2021,https://ieeexplore.ieee.org/stamp/stamp.jsp?arnumber=9607789,Conference paper,ICCVW ,Switzerland,LTS5,self-supervised clustering-based representation learning,New method,"learns representations using multi-view consistency learning, where each image is augmented into multiple views including a special style-transferred view to reduce domain bias. A clustering mechanism (prototype-based assignments using Sinkhorn normalization) enforces consistent predictions across views, producing domain-invariant features. For OoD detection, the model leverages the entropy of cluster assignments: in-distribution samples tend to have low entropy (confident, consistent cluster assignments), while OoD samples have higher entropy and are filtered out during self-training. The model is further refined using entropy minimization on high-confidence target samples and uses feature similarity at inference time to compute an OoD score","Contrastive and representation learning, Prototype",TRAINING,Near,yes,ResNet-18,"Kather-19, Kather-16","Kather-19, Kather-16","Kather-19, Kather-16","AUC, AUPR",Medical Image,Yes,https: //github.com/BehzadBozorgtabar/SOoD,Yes,-
Yongcan YuLijun ShengRan HeJian Liang,STAMP: Outlier-Aware Test-Time Adaptation with Stable Memory Replay,2025,https://link.springer.com/chapter/10.1007/978-3-031-73004-7_22,Conference paper,ECCV,China,Chinese Academy of Sciences,test-time adaptation (TTA) extended to handle outliers (open-world / OOD samples),New method,"outlier-aware test-time adaptation method designed for deployment scenarios where test data may contain both distribution shifts and unseen classes (outliers).  learns to both adapt to domain shift and reject outliers. It does this by maintaining a reliable class-balanced memory bank that stores only high-confidence, consistent samples filtered using entropy and prediction agreement, preventing noisy or outlier samples from corrupting adaptation. The method further improves adaptation using self-weighted entropy minimization, which gives higher learning weight to more confident samples, and enhances stability using sharpness-aware minimization (SAM) and a learning-rate decay strategy during test-time updates",Test-time adaptation and filtering,TTA,far,no,"ResNet-18, ResNet-50","CIFAR-10, CIFAR-100, ImageNet","CIFAR-10-C, CIFAR-100-C, ImageNet-C","SVHN, LSUN, TinyImageNet, Textures, Places365","AUC, H-Score, ID ACC",General,Yes,https://github.com/ yuyongcan/STAMP,Yes,-
H. Li; J. Shao; H. He; S. Song; J. Zhang; K. B. Letaief,Tackling Distribution Shifts in Task-Oriented Communication With Information Bottleneck,2025,https://ieeexplore.ieee.org/stamp/stamp.jsp?arnumber=10964522,Article,IEEE JOURNAL ON SELECTED AREAS IN COMMUNICATIONS,China,Hong Kong University of Science and Technology,proposes two methods,New method,"combine the Information Bottleneck (IB) principle with Invariant Risk Minimization (IRM) to learn compact, domain-invariant representations (VIFE) that focus on causal features and generalize across domain shifts without requiring test-time adaptation. To further handle semantic shifts (unknown classes), they introduce a label-dependent feature encoding (VLFE) that structures the latent space using class-conditional priors and contrastive learning, enabling effective detection of out-of-distribution data. Method trained using variational approximations.","unknown class handling, Contrastive and representation learning",TRAINING,both,yes,"DeepJSCC, DeepJSCC-VIB, DeepJSCC-IRM","Colored MNIST, Colored Object",Spurious Correlation Shift,"LSUN, ImageNet","AUROC, Top@1 ACC",General,Yes,https://github.com/hlidmhkust/VIFE,Yes,-
Adrian GaldranKatherine J. HewittNarmin Ghaffari LalehJakob N. KatherGustavo CarneiroMiguel A. González Ballester,Test Time Transform Prediction for&#xa0;Open Set Histopathological Image Recognition,2022,https://link.springer.com/chapter/10.1007/978-3-031-16434-7_26,Conference paper,MICCAI,"Spain, Germany",Universitat Pompeu Fabra; University Hospital RWTH Aachen,new method for Open Set Recognition in histopathology,New method,"train a neural network not only to classify images but also to predict which color-based data augmentation transform was applied during training. At inference, no transform is applied, and the model’s confidence in predicting a transform is used as an indicator: high confidence suggests the image belongs to known classes, while low confidence signals an unknown",Contrastive and representation learning,TRAINING,Near,no,MobileNetV2,"Kather-5K, Kather-100K","Kather-5K, Kather-100K","Kather-5K, Kather-100K","AUC, ID ACC",Medical Image,Yes,https://github.com/agaldran/t3po.,Yes,"http://doi.org/10,5281/zenodo.53169, : http://doi.org/10,5281/zenodo.1214456"
"Zhang, Q.; Feng, Q.; Zhou, J.T.; Bian, Y.; Hu, Q.; Zhang, C.",The Best of Both Worlds: On the Dilemma of Out-of-distribution Detection,2024,https://www.scopus.com/inward/record.uri?eid=2-s2.0-105000509790&partnerID=40&md5=b1204518e745fc144aaec414fbdffb82,Conference paper,NeurIPS,China,Tianjin University,Decoupled Uncertainty Learning (DUL),New method,"Decoupled Uncertainty Learning: Bayesian perspective and explicitly decouples distributional uncertainty (DU),which is useful for detecting OOD,from overall predictive uncertainty, which is important for generalization. The method increases DU on semantic OOD samples while constraining overall entropy to remain unchanged, thereby avoiding degradation in generalization",Uncertainty and Bayesian evidential methods,POSTHOC INFERENCE,far,yes,"WideResNet-40-10, ResNet-18","CIFAR-10, CIFAR-100, ImageNet-200",Gaussian Noise,"ImageNet-RC, ImageNet-800, TinyImageNet-597, SVHN, Places365, DTD, LSUN (R/C), iSUN, iNaturalist, OpenImages, NINCO, SSB-Hard","FPR95, AUROC, AUPR, ID ACC, OOD ACC",General,Yes,https://github.com/QingyangZhang/DUL.,Yes,-
"Mariani, S.; Klomp, S.R.; Romijnders, R.; de With, P.",The Effect of Covariate Shift and Network Training on Out-of-Distribution Detection,2023,"https://www.scopus.com/inward/record.uri?eid=2-s2.0-85184962580&doi=10,5220%2F0011725900003417&partnerID=40&md5=7094118b4f19a3cbe5ae077b9346f6f6",Conference paper,VISAPP ,Netherlands,University of Amsterdam; Eindhoven University of Technology,evaluate OOD detectors,Evaluation study,"rely on superficial feature discrepancies,training choices strongly influence OOD performance, with certain augmentations improving feature discriminability and thus detection, while others can harm it despite improving classification accuracy.",Post hoc detection scoring,POSTHOC INFERENCE,far,yes,ResNet-34,"CIFAR-10, CIFAR-100, SVHN","Resizing, Noise","SVHN, TinyImageNet, LSUN, Places365, CIFAR-100, Textures","AUROC, Detection Accuracy, Pearson Correlation, TNR@TPR95",General,Yes,https://github.com/SimonMariani/OODdetection,Yes,-
K. Oksuz; T. Joy; P. K. Dokania,Towards Building Self-Aware Object Detectors via Reliable Uncertainty Quantification and Calibration,2023,https://ieeexplore.ieee.org/stamp/stamp.jsp?arnumber=10203797,Conference paper,CVPR,UK,Five AI Ltd,unified evaluation framework,Evaluation study,"standard object detectors can be adapted into “self-aware” versions by aggregating detection-level uncertainties into image-level decisions (accept/reject), applying proper thresholding, and post-hoc calibration",Uncertainty and Bayesian evidential methods,POSTHOC INFERENCE,both,no,"Faster R-CNN, Rank & Sort R-CNN, Adaptive Training Sample Selection, Deformable DETR, ES-RCNN, NLL-RCNN","COCO, nuImages","Obj45K, Obj45K-C, BDD45K, BDD45K-C","Objects365, iNaturalist, SVHN","AUROC, ECE, iou",Object Detection,Yes,https://github.com/fiveai/saod,Yes,-
Alexey NekrasovAlexander HermansLars KuhnertBastian Leibe,UGainS: Uncertainty Guided Anomaly Instance Segmentation,2024,https://link.springer.com/chapter/10.1007/978-3-031-54605-1_4,Conference paper,DAGM GCPR ,Germany,RWTH Aachen University,combining existing components (Mask2Former + SAM + RbA),New architecture,"out-of-distribution segmentation approach (RbA with Mask2Former) to generate uncertainty maps highlighting regions not explained by known classes. From these regions, it samples representative points (via farthest point sampling) and feeds them as prompts into the Segment Anything Model (SAM) to obtain instance-level masks of anomalous objects.",Uncertainty and Bayesian evidential methods,HYBRID METHODS,far,yes,"Mask2Former, Segment Anything Model (SAM)",Cityscapes,"Fishyscapes, LostAndFound, RoadAnomaly","Fishyscapes, LostAndFound, RoadAnomaly","FPR95, Average Precision",Autonomous Driving,Yes,https://github.com/kumuji/ugains,Yes,-
"Wang, Pai-Xuan and Liu, Chien-Hung and You, Shingchern D.",Uncertainty Quantification Based on Block Masking of Test Images,2025,,Article,Information,Taiwan,National Taipei University of Technology,extends the earlier Block Scaling Quality (BSQ) framework.,Method extension/modification,"Block Masking Confidence (BMC), an uncertainty quantification method for image classification that estimates prediction confidence by applying sliding random-noise masks to different regions of a test image and analyzing how stable the model’s predictions remain",Uncertainty and Bayesian evidential methods,POSTHOC INFERENCE,far,no,"ResNet-20, ResnNet-50, VGG-16","CIFAR-10, ImageNet, iNaturalist, Places365",Image Distortions,SVHN,"AUROC, AUPR",General,Yes,https://github.com/ha3usee2u/bzq-on-uncertainty-quantification,Yes,-
F. Lu; K. Zhu; W. Zhai; K. Zheng; Y. Cao,Uncertainty-Aware Optimal Transport for Semantically Coherent Out-of-Distribution Detection,2023,https://ieeexplore.ieee.org/stamp/stamp.jsp?arnumber=10204549,Conference paper,CVPR,China,University of Science and Technology of China,novel uncertainty-aware framework,New method,"Pathology Image Characterization Tool with Uncertainty-aware Rapid Evaluations, PICTURE integrates multiple foundation models with Bayesian inference, deep ensembles, and normalizing-flow–based out-of-distribution detection to explicitly quantify prediction uncertainty and improve robustness across domain shifts such as different scanners and frozen vs. FFPE tissue preparation.","Ensemble, Uncertainty and Bayesian evidential methods",HYBRID METHODS,Near,no,Swin Transformer,SCOOD,SCOOD,"Textures, SVHN, TinyImageNet, LSUN, Places365","FPR@TPR95, AUROC, AUPR IN, AUPR OUT, CCR@FPRn",General,Yes,https://github.com/LuFan31/ET-OOD,Yes,-
"Baek, E.; Park, K.; Kim, J.; Kim, H.-S.",Unexplored Faces of Robustness and Out-of-Distribution: Covariate Shifts in Environment and Sensor Domains,2024,https://www.scopus.com/inward/record.uri?eid=2-s2.0-85202358682&doi=10.1109%2FCVPR52733.2024.02104&partnerID=40&md5=7df8b2a755658bd341105721ba4f200a,Conference paper,CVPR,Korea,Seoul National University,new dataset to evaluate robustness and ood detection,Dataset / benchmark introduction,"ViM, ReAct, ASH, MSP, ODIN",Post hoc detection scoring,POSTHOC INFERENCE,both,yes,"ResNet-50, ResNet-152, EfficientNet-B0, EfficientNet-B3, SwinV2-T, SwinV2-B, OpenCLIP-B, OpenCLIP-H, DINOv2-B, DINOv2-G",ImageNet-ES,ImageNet-ES,ImageNet-ES,"ID ACC, OOD ACC",General,Yes,https://github.com/Edw2n/ImageNet-ES.,Yes,https://github.com/Edw2n/ImageNet-ES.
Z. Gao; X. -Y. Zhang; C. -L. Liu,Unified Entropy Optimization for Open-Set Test-Time Adaptation,2024,https://ieeexplore.ieee.org/stamp/stamp.jsp?arnumber=10655660,Conference paper,CVPR,China,Chinese Academy of Sciences,novel open-set test-time adaptation,New method,"UniEnt first uses a distribution-aware filtering mechanism based on feature similarity and a Gaussian mixture model to separate covariate-shifted in-distribution samples from covariate-shifted OOD samples. applies entropy minimization to known samples to improve classification accuracy and entropy maximization to unknown samples to improve detection, combined with marginal entropy regularization to prevent collapse. UniEnt+, introduces confidence-based weighting to reduce errors from imperfect separation","Test-time adaptation and filtering, Uncertainty and Bayesian evidential methods",TTA,both,yes,"WideResNet-40-2, ResNet-50","CIFAR-10, CIFAR-100, TinyImageNet","CIFAR-10-C, CIFAR-100-C, TinyImageNet-C","SVHN, ImageNet-O, SVHN-C, ImageNet-O-C","AUROC, FPR@TPR95, Open Set Classification Rate",General,Yes,https://github.com/gaozhengqing/UniEnt,Yes,-
"Averly, R.; Chao, W.-L.",Unified Out-Of-Distribution Detection: A Model-Specific Perspective,2023,https://www.scopus.com/inward/record.uri?eid=2-s2.0-85188289146&doi=10.1109%2FICCV51070.2023.00140&partnerID=40&md5=7734e9d33d68592ad366c3566920d104,Conference paper,ICCV,USA,The Ohio State University,unifying framework for out-of-distribution (OOD) detection considering covariate shift,Evaluation study,"MSP, MLS, Energy Score. GradNorm. vim",Post hoc detection scoring,POSTHOC INFERENCE,both,yes,"ResNet-18, ResNet-50, ResNet-152, Robust ResNet-50, CLIP ResNet-50, ViT-B/16",ImageNet-1K,"ImageNet-V2, ImageNet-S, ImageNet-R, ImageNet-A","SVHN, Textures, Places365, iNaturalist, SUN, ImageNet-O, ImageNet-21K","FPR95, TPR, F1-SCORE(Covariate examples)@TPR(ID)95, FPR(Semantic Examples)@TPR(ID)95",General ,No,-,Yes,-
"Devi, S.; Dayana, R.; Malarvezhi, P.",Unveiling the unseen: novel strategies for object detection beyond known distributions,2024,https://www.scopus.com/inward/record.uri?eid=2-s2.0-85204150839&doi=10.1007%2Fs10044-024-01334-4&partnerID=40&md5=b8e7645c5572e95105c0bdf7134d62ec,Article,Pattern Analysis and Applications,India,SRM Institute of Science and Technology,unified OOD generalization framework for object detection (OODG_OD),New method,"combining pixel-space data augmentation (InterAug for inlier synthesis and FGSM-based adversarial perturbations for outlier simulation), object-level Maximum Mean Discrepancy (MMD) regularization to align in-distribution and OOD feature distributions, and a non-parametric K-nearest neighbors (KNN) scoring mechanism during inference for OOD detection","Data augmentation and synthetic-shift methods, Post hoc detection scoring",HYBRID METHODS,Near,no,"Faster R-CNN, Rank & Sort R-CNN, Adaptive Training Sample Selection, Deformable DETR, ES-RCNN, NLL-RCNN",BDD100K,"MS COCO, OpenImages","MS COCO, OpenImages","FPR95, AUROC, mAP ID",Object Detection,Yes,https://github.com/DeviSPhd/OODG_OD,Yes,-
"X Fang, A Easwaran, B Genest",your data is not perfect: towards cross-domain out-of-distribution detection in class-imbalanced data,2025,,Article,Expert Systems with Applications,Singapore,Nanyang Technological University,new method first closes domain gap and then semantic gap,New method,"Label prototypes to represent each class rubustly and eficiently, Prototype-guided domain alignment aligning target samples with source prototypes, adaptive threshold generation to detect OOD use sample specific entropy thresholds. To handle class imbalance use3 uncertainty aware clustering based on confidence and similarity. ","Domain generalization, Prototype",TRAINING,Near,yes,ResNet-50,"DomainNet, Office-Home, VisDA-C","DomainNet, Office-Home, VisDA-C","DomainNet, Office-Home, VisDA-C",H-Score,General,No,-,Yes,-